GEOID,SUMLEV,STATE,COUNTY,CBSA,CSA,NECTA,CNECTA,NAME,POP100,HU100,POP100.2000,HU100.2000,P003001,P003001.2000,P003002,P003002.2000,P003003,P003003.2000,P003004,P003004.2000,P003005,P003005.2000,P003006,P003006.2000,P003007,P003007.2000,P003008,P003008.2000
3400100000,060,34,001,12100,999,99999,999,County subdivisions not defined,0,0,0,0,0,0,0,0,0,0,0,0,0,0,0,0,0,0,0,0
3400100100,060,34,001,12100,999,99999,999,Absecon city,8411,3365,7638,2902,8411,7638,6430,6363,832,459,32,13,667,570,0,0,247,115,203,118
3400102080,060,34,001,12100,999,99999,999,Atlantic City city,39558,20013,40517,20219,39558,40517,10543,10809,15148,17892,242,193,6153,4213,18,24,5549,5575,1905,1811
3400107810,060,34,001,12100,999,99999,999,Brigantine city,9450,9222,12594,9304,9450,12594,8253,10472,275,496,16,23,446,720,3,6,237,588,220,289
3400108680,060,34,001,12100,999,99999,999,Buena borough,4603,1855,3873,1553,4603,3873,3383,2993,434,296,34,20,82,17,3,1,535,408,132,138
3400108710,060,34,001,12100,999,99999,999,Buena Vista township,7570,3008,7436,2827,7570,7436,5918,5751,1018,1167,35,16,80,17,3,1,312,303,204,181
3400115160,060,34,001,12100,999,99999,999,Corbin City city,492,212,468,204,492,468,480,440,2,13,0,4,6,6,0,0,3,3,1,2
3400120290,060,34,001,12100,999,99999,999,Egg Harbor township,43323,16347,30726,12067,43323,30726,30230,24404,4152,3185,163,66,5096,1552,8,15,2253,868,1421,636
3400120350,060,34,001,12100,999,99999,999,Egg Harbor City city,4243,1736,4545,1770,4243,4545,2671,3036,761,645,16,17,94,57,4,4,521,613,176,173
3400121870,060,34,001,12100,999,99999,999,Estell Manor city,1735,673,1585,546,1735,1585,1674,1493,16,57,2,7,28,5,0,0,3,2,12,21
3400123940,060,34,001,12100,999,99999,999,Folsom borough,1885,717,1972,702,1885,1972,1714,1809,79,87,3,3,16,17,3,3,35,31,35,22
3400125560,060,34,001,12100,999,99999,999,Galloway township,37349,14132,31209,11406,37349,31209,26860,24081,4271,3058,99,75,3744,2498,9,15,1266,807,1100,675
3400129280,060,34,001,12100,999,99999,999,Hamilton township,26503,10196,20499,7567,26503,20499,18011,14646,4916,3949,68,60,1435,675,16,10,1092,682,965,477
3400129430,060,34,001,12100,999,99999,999,Hammonton town,14791,5715,12604,4843,14791,12604,12080,11073,444,219,42,18,203,144,2,3,1599,987,421,160
3400140530,060,34,001,12100,999,99999,999,Linwood city,7092,2798,7172,2751,7092,7172,6608,6828,69,76,5,8,269,173,0,0,38,16,103,71
3400141370,060,34,001,12100,999,99999,999,Longport borough,895,1656,1054,1574,895,1054,885,1039,3,1,1,0,4,12,0,0,1,0,1,2
3400143890,060,34,001,12100,999,99999,999,Margate City city,6354,7114,8193,7006,6354,8193,6123,7843,45,71,6,2,62,128,1,6,46,75,71,68
3400149410,060,34,001,12100,999,99999,999,Mullica township,6147,2360,5912,2176,6147,5912,5118,4764,349,371,14,16,42,49,2,7,442,509,180,196
3400152950,060,34,001,12100,999,99999,999,Northfield city,8624,3260,7725,2922,8624,7725,7515,7070,279,205,16,8,388,193,1,6,249,140,176,103
3400159640,060,34,001,12100,999,99999,999,Pleasantville city,20249,7219,19012,7042,20249,19012,4926,4755,9303,10969,168,54,490,371,6,5,4454,2084,902,774
3400160600,060,34,001,12100,999,99999,999,Port Republic city,1115,444,1037,389,1115,1037,1068,986,7,17,5,4,10,6,0,0,8,7,17,17
3400168430,060,34,001,12100,999,99999,999,Somers Point city,10795,5556,11614,5402,10795,11614,8501,9948,1153,814,27,29,332,368,6,4,450,261,326,190
3400175620,060,34,001,12100,999,99999,999,Ventnor City city,10650,7829,12910,8009,10650,12910,8076,9953,453,379,50,24,924,962,5,4,860,1210,282,378
3400180330,060,34,001,12100,999,99999,999,Weymouth township,2715,1220,2257,909,2715,2257,2499,2076,129,108,6,9,24,18,2,0,18,23,37,23
3401309250,060,34,013,35620,408,99999,999,Caldwell borough,7822,3510,,,7822,,6788,,260,,8,,369,,3,,246,,148,
3400300700,060,34,003,35620,408,99999,999,Allendale borough,6505,2388,6699,2143,6505,6699,5686,6195,33,26,3,4,627,408,0,0,54,31,102,35
3400301090,060,34,003,35620,408,99999,999,Alpine borough,1849,670,2183,730,1849,2183,1260,1689,44,33,1,5,482,417,0,1,24,7,38,31
3400305170,060,34,003,35620,408,99999,999,Bergenfield borough,26764,9200,26247,9147,26764,26247,14029,16510,2060,1812,84,63,6851,5357,13,4,2709,1698,1018,803
3400306490,060,34,003,35620,408,99999,999,Bogota borough,8187,2888,8249,2915,8187,8249,4994,6246,771,473,64,12,803,639,7,5,1212,558,336,316
3400310480,060,34,003,35620,408,99999,999,Carlstadt borough,6127,2495,5917,2473,6127,5917,4988,5260,146,81,10,5,504,366,4,1,328,126,147,78
3400313570,060,34,003,35620,408,99999,999,Cliffside Park borough,23594,10665,23007,10375,23594,23007,16541,17911,776,422,75,58,3252,2772,11,5,2042,1144,897,695
3400313810,060,34,003,35620,408,99999,999,Closter borough,8373,2860,8383,2865,8373,8383,5373,6314,110,78,4,8,2650,1807,1,0,129,68,106,108
3400315820,060,34,003,35620,408,99999,999,Cresskill borough,8573,3114,7746,2702,8573,7746,5911,6046,63,71,3,3,2370,1444,1,0,92,50,133,132
3400317530,060,34,003,35620,408,99999,999,Demarest borough,4881,1659,4845,1634,4881,4845,3427,3744,31,24,1,1,1289,981,0,1,36,23,97,71
3400318400,060,34,003,35620,408,99999,999,Dumont borough,17479,6542,17503,6465,17479,17503,13268,14663,445,261,32,17,2620,1918,3,1,709,339,402,304
3400319510,060,34,003,35620,408,99999,999,East Rutherford borough,8913,4018,8716,3771,8913,8716,6510,6945,401,324,20,10,1242,932,3,4,520,280,217,221
3400320020,060,34,003,35620,408,99999,999,Edgewater borough,11513,6282,7677,4277,11513,7677,6135,5153,570,270,16,16,4084,1775,7,3,386,226,315,234
3400321300,060,34,003,35620,408,99999,999,Elmwood Park borough,19403,7385,18925,7242,19403,18925,14624,15619,1019,409,65,21,2080,1477,4,1,1062,841,549,557
3400321450,060,34,003,35620,408,99999,999,Emerson borough,7401,2552,7197,2398,7401,7197,6462,6450,80,61,3,4,633,568,8,0,85,63,130,51
3400321480,060,34,003,35620,408,99999,999,Englewood city,27147,10695,26203,9614,27147,26203,12292,11134,8845,10215,147,71,2199,1366,12,12,2641,2226,1011,1179
3400321510,060,34,003,35620,408,99999,999,Englewood Cliffs borough,5281,1924,5322,1889,5281,5322,2976,3557,110,73,4,2,2034,1580,0,0,41,38,116,72
3400322470,060,34,003,35620,408,99999,999,Fair Lawn borough,32457,12266,31637,12006,32457,31637,27380,28960,567,234,20,13,3154,1558,1,1,762,434,573,437
3400322560,060,34,003,35620,408,99999,999,Fairview borough,13835,5150,13255,4988,13835,13255,9186,9605,407,226,92,51,640,659,4,4,2720,1712,786,998
3400324420,060,34,003,35620,408,99999,999,Fort Lee borough,35345,17818,35461,17446,35345,35461,18905,22253,973,615,50,25,13587,11146,7,20,1090,600,733,802
3400324990,060,34,003,35620,408,99999,999,Franklin Lakes borough,10590,3692,10422,3395,10590,10422,9417,9521,149,96,4,11,777,660,0,1,88,43,155,90
3400325770,060,34,003,35620,408,99999,999,Garfield city,30487,11788,29786,11698,30487,29786,23393,24456,1981,887,132,99,678,800,2,2,3307,2414,994,1128
3400326640,060,34,003,35620,408,99999,999,Glen Rock borough,11601,4016,11546,4024,11601,11546,10111,10399,159,209,10,18,1054,748,3,2,72,71,192,99
3400328680,060,34,003,35620,408,99999,999,Hackensack city,43010,19375,42677,18945,43010,42677,20072,22451,10511,10518,241,191,4432,3181,10,23,5844,4144,1900,2169
3400330150,060,34,003,35620,408,99999,999,Harrington Park borough,4664,1624,4740,1583,4664,4740,3720,3959,32,32,1,2,813,695,9,0,24,30,65,22
3400330420,060,34,003,35620,408,99999,999,Hasbrouck Heights borough,11842,4627,11662,4617,11842,11662,9632,10247,339,200,9,5,1183,776,2,1,436,255,241,178
3400330540,060,34,003,35620,408,99999,999,Haworth borough,3382,1136,3390,1146,3382,3390,2860,2981,39,41,0,0,402,312,0,0,16,25,65,31
3400331920,060,34,003,35620,408,99999,999,Hillsdale borough,10219,3567,10087,3547,10219,10087,9138,9321,103,86,12,7,640,512,5,4,211,87,110,70
3400372480,060,34,003,35620,408,99999,999,Teterboro borough,67,27,18,8,67,18,45,15,3,0,2,0,2,0,0,0,6,0,9,3
3400332310,060,34,003,35620,408,99999,999,Ho-Ho-Kus borough,4078,1462,4060,1465,4078,4060,3753,3762,9,24,3,4,236,212,0,8,16,15,61,35
3400340020,060,34,003,35620,408,99999,999,Leonia borough,8937,3428,8914,3343,8937,8914,4935,5860,209,202,14,8,3139,2323,1,1,332,285,307,235
3400340680,060,34,003,35620,408,99999,999,Little Ferry borough,10626,4439,10800,4449,10626,10800,6458,7426,419,509,32,16,2576,1847,4,6,749,621,388,375
3400341100,060,34,003,35620,408,99999,999,Lodi borough,24136,10127,23971,9908,24136,23971,16459,18736,1816,852,101,40,2069,2124,15,8,2774,1498,902,713
3400342090,060,34,003,35620,408,99999,999,Lyndhurst township,20554,8787,19383,8103,20554,19383,17053,17433,406,119,34,9,1355,1046,6,1,1144,397,556,378
3400342750,060,34,003,35620,408,99999,999,Mahwah township,25890,9868,24062,9577,25890,24062,22180,21157,678,519,146,169,2021,1518,2,7,363,361,500,331
3400344880,060,34,003,35620,408,99999,999,Maywood borough,9555,3769,9523,3777,9555,9523,7145,8054,510,266,17,7,1049,682,2,1,589,315,243,198
3400346110,060,34,003,35620,408,99999,999,Midland Park borough,7128,2861,6947,2650,7128,6947,6616,6656,60,30,9,4,192,154,0,1,134,53,117,49
3400347610,060,34,003,35620,408,99999,999,Montvale borough,7844,2872,7034,2590,7844,7034,6654,6527,81,31,6,6,866,377,0,0,128,44,109,49
3400347700,060,34,003,35620,408,99999,999,Moonachie borough,2708,1053,2754,1074,2708,2754,2074,2359,38,26,3,3,272,183,0,0,232,81,89,102
3400351660,060,34,003,35620,408,99999,999,New Milford borough,16341,6362,16400,6437,16341,16400,11522,12888,608,429,20,19,3169,2420,4,4,586,305,432,335
3400352320,060,34,003,35620,408,99999,999,North Arlington borough,15392,6573,15181,6529,15392,15181,12712,13603,220,70,36,22,1211,852,2,2,928,348,283,284
3400353430,060,34,003,35620,408,99999,999,Northvale borough,4640,1635,4460,1596,4640,4460,3338,3698,49,34,9,3,1114,627,1,0,53,52,76,46
3400353610,060,34,003,35620,408,99999,999,Norwood borough,5711,2007,5751,1888,5711,5751,3955,4478,78,48,0,1,1552,1092,1,0,59,54,66,78
3400353850,060,34,003,35620,408,99999,999,Oakland borough,12754,4470,12466,4345,12754,12466,11824,11813,113,97,24,8,532,337,1,1,62,87,198,123
3400354870,060,34,003,35620,408,99999,999,Old Tappan borough,5750,1995,5482,1804,5750,5482,4300,4533,42,33,5,3,1279,857,0,0,36,24,88,32
3400354990,060,34,003,35620,408,99999,999,Oradell borough,7978,2831,8047,2833,7978,8047,6844,7248,54,39,6,3,898,651,0,1,64,26,112,79
3400355770,060,34,003,35620,408,99999,999,Palisades Park borough,19622,7362,17073,6386,19622,17073,5670,8241,385,235,60,32,11350,7016,10,5,1765,991,382,553
3400355950,060,34,003,35620,408,99999,999,Paramus borough,26342,8915,25737,8209,26342,25737,19042,20380,374,291,28,12,5869,4434,13,3,366,229,650,388
3400356130,060,34,003,35620,408,99999,999,Park Ridge borough,8645,3428,8708,3258,8645,8708,7706,8140,90,75,19,12,525,336,2,2,223,64,80,79
3400361680,060,34,003,35620,408,99999,999,Ramsey borough,14473,5550,14351,5400,14473,14351,12946,13148,94,112,17,14,964,840,0,1,274,78,178,158
3400362910,060,34,003,35620,408,99999,999,Ridgefield borough,11032,4145,10830,4120,11032,10830,6874,8217,132,83,20,9,3206,1887,2,4,514,379,284,251
3400362940,060,34,003,35620,408,99999,999,Ridgefield Park village,12729,5164,12873,5134,12729,12873,8413,10067,815,528,44,28,1461,1011,1,4,1519,837,476,398
3400363000,060,34,003,35620,408,99999,999,Ridgewood village,24958,8743,24936,8802,24958,24936,20518,21899,398,409,16,11,3242,2162,4,0,265,148,515,307
3400363360,060,34,003,35620,408,99999,999,River Edge borough,11340,4261,10946,4210,11340,10946,8326,9208,172,116,6,9,2516,1379,9,1,142,89,169,144
3400363690,060,34,003,35620,408,99999,999,River Vale township,9659,3521,9449,3312,9659,9449,8582,8724,68,55,4,0,813,557,0,2,51,41,141,70
3400363990,060,34,003,35620,408,99999,999,Rochelle Park township,5530,2170,5528,2111,5530,5528,4547,4980,160,25,14,2,482,333,0,0,215,112,112,76
3400364170,060,34,003,35620,408,99999,999,Rockleigh borough,531,86,391,80,531,391,505,351,11,13,1,1,8,15,0,0,1,4,5,7
3400365280,060,34,003,35620,408,99999,999,Rutherford borough,18061,7278,18110,7214,18061,18110,14010,14849,527,489,13,8,2362,2054,1,5,664,337,484,368
3400365340,060,34,003,35620,408,99999,999,Saddle Brook township,13659,5485,13155,5161,13659,13155,11521,11936,316,183,22,5,1121,623,0,0,436,223,243,185
3400365400,060,34,003,35620,408,99999,999,Saddle River borough,3152,1341,3201,1183,3152,3201,2670,2876,66,24,3,0,297,229,2,1,37,26,77,45
3400368970,060,34,003,35620,408,99999,999,South Hackensack township,2378,879,2249,830,2378,2249,1714,1865,127,49,8,5,126,129,0,7,334,142,69,52
3400372360,060,34,003,35620,408,99999,999,Teaneck township,39776,14024,39260,13719,39776,39260,21214,22082,11013,11298,113,59,3622,2798,25,11,2403,1633,1386,1379
3400372420,060,34,003,35620,408,99999,999,Tenafly borough,14488,4980,13806,4897,14488,13806,10041,10601,128,132,5,13,3799,2634,0,3,178,193,337,230
3400375140,060,34,003,35620,408,99999,999,Upper Saddle River borough,8208,2776,7741,2560,8208,7741,7104,7063,118,72,11,2,828,486,1,1,39,40,107,77
3400376400,060,34,003,35620,408,99999,999,Waldwick borough,9625,3537,9622,3495,9625,9622,8723,8918,104,57,11,4,480,435,0,0,169,126,138,82
3400376490,060,34,003,35620,408,99999,999,Wallington borough,11335,4946,11583,4906,11335,11583,9689,10147,366,309,18,11,631,577,0,2,438,269,193,268
3400377135,060,34,003,35620,408,99999,999,Washington township,9102,3341,8938,3245,9102,8938,8237,8229,98,88,1,4,589,498,2,0,56,39,119,80
3400380270,060,34,003,35620,408,99999,999,Westwood borough,10908,4636,10999,4610,10908,10999,9052,9525,504,629,34,15,805,483,0,1,302,184,211,162
3400382300,060,34,003,35620,408,99999,999,Woodcliff Lake borough,5730,1980,5745,1842,5730,5745,5174,5391,47,50,0,2,371,257,0,0,69,11,69,34
3400382570,060,34,003,35620,408,99999,999,Wood-Ridge borough,7626,3051,7644,3087,7626,7644,6652,6957,109,64,16,6,544,384,1,1,177,135,127,97
3400383050,060,34,003,35620,408,99999,999,Wyckoff township,16696,5827,16508,5638,16696,16508,15616,15607,94,77,7,25,706,611,0,2,79,74,194,112
3400900000,060,34,009,36140,999,99999,999,County subdivisions not defined,0,0,0,0,0,0,0,0,0,0,0,0,0,0,0,0,0,0,0,0
3400503370,060,34,005,37980,428,99999,999,Bass River township,1443,587,1510,602,1443,1510,1405,1493,4,1,2,1,11,2,0,0,5,2,16,11
3400505740,060,34,005,37980,428,99999,999,Beverly city,2577,1086,2661,1042,2577,2661,1589,1721,770,765,4,3,20,24,0,0,69,38,125,110
3400506670,060,34,005,37980,428,99999,999,Bordentown city,3924,2014,3969,1884,3924,3969,3277,3225,397,519,8,2,107,76,1,1,46,32,88,114
3400506700,060,34,005,37980,428,99999,999,Bordentown township,11367,4360,8380,3436,11367,8380,8455,7486,1216,421,30,17,1201,278,7,0,180,57,278,121
3400508920,060,34,005,37980,428,99999,999,Burlington city,9920,4223,9736,4181,9920,9736,5845,6638,3272,2592,18,26,201,125,4,1,227,126,353,228
3400508950,060,34,005,37980,428,99999,999,Burlington township,22594,8105,20294,7348,22594,20294,13331,13742,6322,4971,35,33,1590,757,9,6,544,296,763,489
3400512670,060,34,005,37980,428,99999,999,Chesterfield township,7699,1601,5955,924,7699,5955,4156,2960,2242,2225,39,40,643,38,2,5,386,503,231,184
3400512940,060,34,005,37980,428,99999,999,Cinnaminson township,15569,5758,14595,5147,15569,14595,13931,13334,855,742,13,24,370,274,3,1,153,72,244,148
3400517080,060,34,005,37980,428,99999,999,Delanco township,4283,1853,3237,1285,4283,3237,3546,3104,470,62,20,8,80,13,5,0,40,13,122,37
3400517440,060,34,005,37980,428,99999,999,Delran township,16896,6442,15536,5936,16896,15536,13688,12875,1616,1464,33,27,683,435,7,25,459,253,410,457
3400518790,060,34,005,37980,428,99999,999,Eastampton township,6069,2380,6202,2312,6069,6202,4437,4853,1030,730,21,14,272,336,4,0,100,89,205,180
3400520050,060,34,005,37980,428,99999,999,Edgewater Park township,8881,3926,7864,3301,8881,7864,5125,5353,2426,1683,30,13,283,256,2,1,577,252,438,306
3400522110,060,34,005,37980,428,99999,999,Evesham township,45538,18303,42275,16324,45538,42275,39609,38579,1910,1313,54,31,2804,1721,9,8,357,203,795,420
3400523250,060,34,005,37980,428,99999,999,Fieldsboro borough,540,221,522,204,540,522,438,426,68,83,0,1,11,0,0,0,2,2,21,10
3400523850,060,34,005,37980,428,99999,999,Florence township,12109,5053,10746,4391,12109,10746,9497,9190,1481,1047,23,19,610,253,7,1,121,70,370,166
3400529010,060,34,005,37980,428,99999,999,Hainesport township,6110,2305,4126,1555,6110,4126,5180,3882,458,110,6,4,249,70,0,0,87,21,130,39
3400542060,060,34,005,37980,428,99999,999,Lumberton township,12559,4719,10461,4080,12559,10461,8916,8192,2378,1438,30,24,591,354,5,2,195,199,444,252
3400543290,060,34,005,37980,428,99999,999,Mansfield township,8544,3529,5090,2122,8544,5090,6753,4857,890,97,14,9,657,76,5,2,53,11,172,38
3400543740,060,34,005,37980,428,99999,999,Maple Shade township,19131,9186,19079,9009,19131,19079,15040,15868,1826,1376,31,30,1080,1164,5,8,601,323,548,310
3400545120,060,34,005,37980,428,99999,999,Medford township,23033,8652,22253,8147,23033,22253,21726,21527,353,170,36,26,467,327,6,9,130,63,315,131
3400545210,060,34,005,37980,428,99999,999,Medford Lakes borough,4146,1543,4173,1555,4146,4173,4035,4103,19,18,7,5,40,20,0,0,16,4,29,23
3400547880,060,34,005,37980,428,99999,999,Moorestown township,20726,7862,19017,7211,20726,19017,17513,16962,1331,1082,18,30,1244,621,5,1,168,81,447,240
3400548900,060,34,005,37980,428,99999,999,Mount Holly township,9536,3861,10728,4248,9536,10728,6253,7368,2203,2314,35,45,140,147,7,7,409,512,489,335
3400549020,060,34,005,37980,428,99999,999,Mount Laurel township,41864,18249,40221,17163,41864,40221,33249,35034,4061,2785,67,38,3040,1529,17,12,418,256,1012,567
3400551510,060,34,005,37980,428,99999,999,New Hanover township,7385,613,9744,1381,7385,9744,3992,6249,2479,2816,48,41,151,143,6,8,461,259,248,228
3400553070,060,34,005,37980,428,99999,999,North Hanover township,7678,3370,7347,2670,7678,7347,6156,5924,716,805,31,35,145,156,32,4,238,160,360,263
3400555800,060,34,005,37980,428,99999,999,Palmyra borough,7398,3392,7091,3219,7398,7091,5826,5743,1076,1017,23,21,136,99,6,3,144,100,187,108
3400557480,060,34,005,37980,428,99999,999,Pemberton borough,1409,642,1210,513,1409,1210,1048,949,215,154,3,8,46,29,0,0,44,33,53,37
3400557510,060,34,005,37980,428,99999,999,Pemberton township,27912,10749,28691,10778,27912,28691,18848,18946,5719,6632,104,132,806,913,37,23,837,828,1561,1217
3400563510,060,34,005,37980,428,99999,999,Riverside township,8079,3147,7911,3118,8079,7911,6480,7137,516,351,21,11,77,33,4,1,569,180,412,198
3400563660,060,34,005,37980,428,99999,999,Riverton borough,2779,1112,2759,1113,2779,2759,2596,2644,92,49,3,3,21,23,2,0,13,8,52,32
3400566810,060,34,005,37980,428,99999,999,Shamong township,6490,2227,6462,2175,6490,6462,6286,6284,60,53,13,7,38,43,1,0,17,20,75,55
3400568610,060,34,005,37980,428,99999,999,Southampton township,10464,5024,10388,4751,10464,10388,9888,10086,231,125,12,29,139,65,1,0,51,31,142,52
3400569990,060,34,005,37980,428,99999,999,Springfield township,3414,1217,3227,1138,3414,3227,3093,2967,130,104,7,10,87,85,0,0,41,7,56,54
3400572060,060,34,005,37980,428,99999,999,Tabernacle township,6949,2445,7170,2385,6949,7170,6657,6904,96,150,5,7,48,52,4,0,65,22,74,35
3400577150,060,34,005,37980,428,99999,999,Washington township,687,284,621,171,687,621,645,519,13,18,0,0,1,2,0,0,25,75,3,7
3400578200,060,34,005,37980,428,99999,999,Westampton township,8813,3291,7217,2581,8813,7217,5376,5110,2243,1535,17,20,608,219,3,3,199,132,367,198
3400581440,060,34,005,37980,428,99999,999,Willingboro township,31629,11442,33008,11124,31629,33008,5475,8144,23007,22021,117,99,635,562,10,12,988,866,1397,1304
3400582420,060,34,005,37980,428,99999,999,Woodland township,1788,494,1170,448,1788,1170,1602,1147,145,7,1,1,15,4,0,0,8,2,17,9
3400582960,060,34,005,37980,428,99999,999,Wrightstown borough,802,348,748,339,802,748,380,373,169,226,6,4,48,54,3,0,150,54,46,37
3400702200,060,34,007,37980,428,99999,999,Audubon borough,8819,3779,9182,3813,8819,9182,8398,8938,127,48,12,10,100,82,1,1,80,44,101,59
3400702230,060,34,007,37980,428,99999,999,Audubon Park borough,1023,499,1102,499,1023,1102,1002,1090,3,4,1,1,3,2,0,0,1,1,13,4
3400703250,060,34,007,37980,428,99999,999,Barrington borough,6983,3158,7084,3164,6983,7084,6254,6490,358,295,16,17,118,102,0,3,102,76,135,101
3400704750,060,34,007,37980,428,99999,999,Bellmawr borough,11583,4883,11262,4561,11583,11262,10012,10450,285,133,17,7,679,344,7,2,392,173,191,153
3400705440,060,34,007,37980,428,99999,999,Berlin borough,7588,2949,6149,2275,7588,6149,6865,5784,318,134,7,13,211,104,3,4,67,30,117,80
3400705470,060,34,007,37980,428,99999,999,Berlin township,5357,2069,5290,2009,5357,5290,4135,4362,620,628,10,9,275,143,0,4,203,64,114,80
3400708170,060,34,007,37980,428,99999,999,Brooklawn borough,1955,806,2354,1025,1955,2354,1718,2125,104,101,2,2,43,25,0,0,40,56,48,45
3400710000,060,34,007,37980,428,99999,999,Camden city,77344,28358,79904,29769,77344,79904,13602,13454,37180,42628,588,435,1637,1958,48,59,21323,18239,2966,3131
3400712280,060,34,007,37980,428,99999,999,Cherry Hill township,71045,28452,69965,27074,71045,69965,55459,59240,4360,3121,78,71,8304,6205,13,24,1302,491,1529,813
3400712550,060,34,007,37980,428,99999,999,Chesilhurst borough,1634,621,1520,535,1634,1520,692,568,758,851,7,3,14,5,0,0,114,44,49,49
3400713420,060,34,007,37980,428,99999,999,Clementon borough,5000,2235,4986,2206,5000,4986,3564,4100,956,577,28,11,105,46,0,9,195,117,152,126
3400714260,060,34,007,37980,428,99999,999,Collingswood borough,13926,6822,14326,6866,13926,14326,11388,12388,1268,955,45,48,307,395,2,3,559,346,357,191
3400726070,060,34,007,37980,428,99999,999,Gibbsboro borough,2274,809,2435,847,2274,2435,2106,2289,49,68,0,10,53,26,0,0,20,18,46,24
3400726760,060,34,007,37980,428,99999,999,Gloucester township,64634,24711,64350,24257,64634,64350,48993,53484,10464,7432,129,100,2374,1688,20,16,1183,715,1471,915
3400726820,060,34,007,37980,428,99999,999,Gloucester City city,11456,4712,11484,4604,11456,11484,10370,11155,352,79,16,21,307,78,0,4,209,74,202,73
3400728740,060,34,007,37980,428,99999,999,Haddon township,14707,6477,14651,6423,14707,14651,13701,13980,220,173,23,8,398,294,2,6,163,82,200,108
3400728770,060,34,007,37980,428,99999,999,Haddonfield borough,11593,4634,11659,4620,11593,11659,11040,11247,129,148,4,15,215,131,0,3,50,37,155,78
3400728800,060,34,007,37980,428,99999,999,Haddon Heights borough,7473,3159,7547,3136,7473,7547,7133,7394,84,30,12,8,98,49,5,3,40,20,101,43
3400732220,060,34,007,37980,428,99999,999,Hi-Nella borough,870,420,1029,495,870,1029,624,731,131,198,6,0,35,32,0,0,49,45,25,23
3400758920,060,34,007,37980,428,99999,999,Pine Valley borough,12,22,20,21,12,20,10,20,0,0,0,0,0,0,0,0,2,0,0,0
3400739210,060,34,007,37980,428,99999,999,Laurel Springs borough,1908,771,1970,806,1908,1970,1772,1859,66,54,2,5,19,19,0,0,25,14,24,19
3400739420,060,34,007,37980,428,99999,999,Lawnside borough,2945,1174,2692,1110,2945,2692,124,47,2616,2520,19,27,42,14,0,2,49,13,95,69
3400740440,060,34,007,37980,428,99999,999,Lindenwold borough,17613,8251,17414,8244,17613,17414,8469,10695,6104,4915,78,83,493,614,4,10,1822,564,643,533
3400742630,060,34,007,37980,428,99999,999,Magnolia borough,4341,1850,4409,1836,4341,4409,3243,3395,793,785,13,10,82,41,2,1,96,68,112,109
3400745510,060,34,007,37980,428,99999,999,Merchantville borough,3821,1688,3801,1607,3821,3801,2926,3265,497,282,14,11,87,80,2,0,169,108,126,55
3400748750,060,34,007,37980,428,99999,999,Mount Ephraim borough,4676,2010,4495,1881,4676,4495,4375,4383,100,18,4,3,32,28,0,1,106,29,59,33
3400753880,060,34,007,37980,428,99999,999,Oaklyn borough,4038,1847,4188,1893,4038,4188,3731,4017,100,48,9,9,73,40,1,1,60,35,64,38
3400757660,060,34,007,37980,428,99999,999,Pennsauken township,35885,13275,35737,12945,35885,35737,17081,21479,9644,8641,210,124,2770,1636,15,7,4877,2954,1288,896
3400758770,060,34,007,37980,428,99999,999,Pine Hill borough,10233,4357,10880,4444,10233,10880,6904,8355,2463,1996,27,30,217,153,5,2,246,132,371,212
3400765160,060,34,007,37980,428,99999,999,Runnemede borough,8468,3548,8533,3510,8468,8533,7496,7831,400,321,25,9,223,132,0,1,185,104,139,135
3400768340,060,34,007,37980,428,99999,999,Somerdale borough,5151,2158,5192,2168,5151,5192,3513,3912,978,917,4,11,309,168,1,1,158,56,188,127
3400771220,060,34,007,37980,428,99999,999,Stratford borough,7040,2761,7271,2849,7040,7271,5799,6439,580,480,13,9,297,173,5,1,195,63,151,106
3400772240,060,34,007,37980,428,99999,999,Tavistock borough,5,3,24,7,5,24,5,22,0,2,0,0,0,0,0,0,0,0,0,0
3400776220,060,34,007,37980,428,99999,999,Voorhees township,29131,12260,28126,11084,29131,28126,20908,22011,2534,2249,44,38,4700,3217,11,8,246,156,688,447
3400777630,060,34,007,37980,428,99999,999,Waterford township,10649,3839,10494,3671,10649,10494,9647,9733,514,439,11,22,124,94,3,1,166,70,184,135
3400781740,060,34,007,37980,428,99999,999,Winslow township,39499,14560,34611,12413,39499,34611,21491,22670,14287,10154,113,104,1224,449,14,10,1172,547,1198,677
3400782450,060,34,007,37980,428,99999,999,Woodlynne borough,2978,1016,2796,1012,2978,2796,839,1354,999,635,21,16,289,343,1,0,688,324,141,124
3400902320,060,34,009,36140,999,99999,999,Avalon borough,1334,5434,2143,5281,1334,2143,1308,2115,4,3,4,0,3,12,0,1,2,1,13,11
3400910270,060,34,009,36140,999,99999,999,Cape May city,3607,4155,4034,4064,3607,4034,3212,3684,175,212,11,8,24,16,4,2,83,51,98,61
3400910330,060,34,009,36140,999,99999,999,Cape May Point borough,291,619,241,501,291,241,275,229,8,5,0,0,1,1,0,0,1,0,6,6
3400917560,060,34,009,36140,999,99999,999,Dennis township,6467,2672,6492,2327,6467,6492,6257,6325,51,62,12,6,36,28,2,1,21,40,88,30
3400941610,060,34,009,36140,999,99999,999,Lower township,22866,14507,22945,13924,22866,22945,21549,22088,456,319,37,52,142,121,10,5,275,150,397,210
3400945810,060,34,009,36140,999,99999,999,Middle township,18911,9296,16405,7510,18911,16405,15716,13979,1969,1781,34,37,339,236,9,4,373,108,471,260
3400953490,060,34,009,36140,999,99999,999,North Wildwood city,4041,8840,4935,7411,4041,4935,3838,4768,46,40,13,4,14,28,0,1,51,38,79,56
3400954360,060,34,009,36140,999,99999,999,Ocean City city,11701,20871,15378,20298,11701,15378,10771,14389,410,663,15,18,83,86,3,10,224,80,195,132
3400966390,060,34,009,36140,999,99999,999,Sea Isle City city,2114,6900,2835,6622,2114,2835,2085,2775,2,8,5,11,4,10,0,1,10,2,8,28
3400971010,060,34,009,36140,999,99999,999,Stone Harbor borough,866,3247,1128,3428,866,1128,841,1114,14,9,0,0,1,0,0,0,6,2,4,3
3400974810,060,34,009,36140,999,99999,999,Upper township,12373,6341,12115,5472,12373,12115,11954,11823,72,83,16,15,92,74,1,7,89,23,149,90
3400978530,060,34,009,36140,999,99999,999,West Cape May borough,1024,1043,1095,1004,1024,1095,879,921,89,159,8,4,2,0,0,0,32,6,14,5
3400980210,060,34,009,36140,999,99999,999,West Wildwood borough,603,893,448,775,603,448,575,429,9,0,0,0,0,1,0,0,4,10,15,8
3400981170,060,34,009,36140,999,99999,999,Wildwood city,5325,6843,5436,6488,5325,5436,3623,3835,594,905,39,21,42,26,7,8,865,481,155,160
3400981200,060,34,009,36140,999,99999,999,Wildwood Crest borough,3270,5569,3980,4862,3270,3980,3047,3776,55,49,5,4,33,19,0,0,59,88,71,44
3400981890,060,34,009,36140,999,99999,999,Woodbine borough,2472,1079,2716,1080,2472,2716,1439,1450,611,880,6,6,18,3,0,0,304,299,94,78
3401100000,060,34,011,47220,428,99999,999,County subdivisions not defined,0,0,0,0,0,0,0,0,0,0,0,0,0,0,0,0,0,0,0,0
3401107600,060,34,011,47220,428,99999,999,Bridgeton city,25349,6782,22771,6795,25349,22771,8274,8854,8996,9528,350,271,153,159,12,20,6518,3112,1046,827
3401114710,060,34,011,47220,428,99999,999,Commercial township,5178,2115,5259,2171,5178,5259,4335,4364,530,706,18,22,27,12,0,1,79,53,189,101
3401116900,060,34,011,47220,428,99999,999,Deerfield township,3119,1143,2927,1065,3119,2927,2284,2289,376,382,66,45,42,30,0,0,231,89,120,92
3401118220,060,34,011,47220,428,99999,999,Downe township,1585,996,1631,1134,1585,1631,1468,1485,41,79,8,24,4,3,0,0,26,16,38,24
3401122350,060,34,011,47220,428,99999,999,Fairfield township,6295,2058,6283,1915,6295,6283,2360,2602,2992,2980,321,319,28,35,2,2,288,150,304,195
3401128170,060,34,011,47220,428,99999,999,Greenwich township,804,369,847,361,804,847,735,762,30,43,10,22,4,2,0,0,5,1,20,17
3401133120,060,34,011,47220,428,99999,999,Hopewell township,4571,1741,4434,1683,4571,4434,3857,3862,301,306,99,103,26,25,0,1,148,64,140,73
3401139450,060,34,011,47220,428,99999,999,Lawrence township,3290,1221,2721,1023,3290,2721,2666,2228,304,283,38,29,13,7,1,5,165,93,103,76
3401144580,060,34,011,47220,428,99999,999,Maurice River township,7976,1506,6928,1461,7976,6928,4629,4062,2874,2285,35,54,28,19,2,1,274,307,134,200
3401146680,060,34,011,47220,428,99999,999,Millville city,28400,11435,26847,10652,28400,26847,19608,20438,5631,4025,266,139,338,216,18,8,1488,1384,1051,637
3401167020,060,34,011,47220,428,99999,999,Shiloh borough,516,214,534,204,516,534,484,508,9,14,12,3,1,0,0,0,3,0,7,9
3401171160,060,34,011,47220,428,99999,999,Stow Creek township,1431,568,1429,560,1431,1429,1307,1335,64,50,20,23,4,3,0,0,14,12,22,6
3401174870,060,34,011,47220,428,99999,999,Upper Deerfield township,7660,3025,7556,2881,7660,7556,5720,5725,993,1240,97,61,203,231,0,1,412,138,235,160
3401176070,060,34,011,47220,428,99999,999,Vineland city,60724,22661,56271,20958,60724,56271,40703,37964,8600,7664,406,304,1036,655,24,43,7841,7881,2114,1760
3401304695,060,34,013,35620,408,99999,999,Belleville township,35926,14327,35928,14144,35926,35928,21753,24950,3277,1926,126,60,4312,4062,18,26,5018,3532,1422,1372
3401306260,060,34,013,35620,408,99999,999,Bloomfield township,47315,19470,47683,19508,47315,47683,28205,33421,8757,5573,193,91,3891,3998,21,31,4423,3061,1825,1508
3401311200,060,34,013,35620,408,99999,999,Cedar Grove township,12411,4661,12300,4470,12411,12300,11047,11076,306,368,6,6,811,667,1,3,106,57,134,123
3401313045,060,34,013,35620,408,99999,999,City of Orange township,30134,12222,32868,12665,30134,32868,3857,4337,21645,24685,173,113,455,415,6,33,2999,1712,999,1573
3401319390,060,34,013,35620,408,99999,999,East Orange city,64270,28803,69824,28485,64270,69824,2657,2683,56887,62462,248,177,465,302,38,51,2370,1496,1605,2653
3401321840,060,34,013,35620,408,99999,999,Essex Fells borough,2113,758,2162,761,2113,2162,1998,2096,23,10,0,4,46,22,0,0,5,3,41,27
3401322385,060,34,013,35620,408,99999,999,Fairfield township,7466,2723,7063,2326,7466,7063,7081,6754,51,37,21,7,189,199,0,0,55,28,69,38
3401326610,060,34,013,35620,408,99999,999,Glen Ridge borough,7527,2541,7271,2490,7527,7271,6489,6484,379,362,3,11,350,243,0,0,103,72,203,99
3401334450,060,34,013,35620,408,99999,999,Irvington township,53926,23196,60695,24116,53926,60695,3042,5446,46058,49566,204,146,471,669,38,59,2922,2234,1191,2575
3401340890,060,34,013,35620,408,99999,999,Livingston township,29366,10284,27391,9457,29366,27391,22367,22637,663,328,20,14,5642,3982,5,3,254,190,415,237
3401343800,060,34,013,35620,408,99999,999,Maplewood township,23867,8608,23868,8615,23867,23868,13430,14030,8426,7788,44,31,725,682,6,7,434,373,802,957
3401346380,060,34,013,35620,408,99999,999,Millburn township,20149,7106,19765,7158,20149,19765,16154,17573,329,217,6,10,3155,1660,5,6,103,85,397,214
3401347500,060,34,013,35620,408,99999,999,Montclair township,37669,15911,38977,15531,37669,38977,23416,23297,10230,12497,59,73,1434,1228,9,14,826,688,1695,1180
3401351000,060,34,013,35620,408,99999,999,Newark city,277140,109520,273546,100141,277140,273546,72914,72537,145085,146250,1697,1005,4485,3263,118,135,42181,38430,10660,11926
3401352620,060,34,013,35620,408,99999,999,North Caldwell borough,6183,2134,7375,2108,6183,7375,5669,5873,45,1070,2,2,354,347,0,0,30,19,83,64
3401353680,060,34,013,35620,408,99999,999,Nutley township,28370,11789,27362,11118,28370,27362,23405,24064,628,511,36,15,2824,1943,4,10,842,480,631,339
3401364590,060,34,013,35620,408,99999,999,Roseland borough,5819,2432,5298,2187,5819,5298,5280,4950,106,38,4,2,337,250,0,0,29,23,63,35
3401369274,060,34,013,35620,408,99999,999,South Orange Village township,16198,5815,16964,5671,16198,16964,9750,10248,4642,5309,23,16,836,660,1,5,287,266,659,460
3401375815,060,34,013,35620,408,99999,999,Verona township,13332,5523,13533,5719,13332,13533,12164,12585,262,207,4,3,537,462,1,8,148,96,216,172
3401378510,060,34,013,35620,408,99999,999,West Caldwell township,10759,4009,11233,4044,10759,11233,9996,10541,136,100,5,4,421,432,2,4,79,68,120,84
3401379800,060,34,013,35620,408,99999,999,West Orange township,46207,17612,44943,16901,46207,44943,26406,30359,12284,7848,174,63,3680,3635,10,17,2227,1584,1426,1437
3401513360,060,34,015,37980,428,99999,999,Clayton borough,8179,3128,7139,2680,8179,7139,6120,5656,1473,1146,30,30,147,47,2,2,130,68,277,190
3401517710,060,34,015,37980,428,99999,999,Deptford township,30561,12361,26763,10647,30561,26763,24082,22330,3717,3314,73,56,1361,410,12,9,622,266,694,378
3401519180,060,34,015,37980,428,99999,999,East Greenwich township,9555,3405,5430,1971,9555,5430,8451,5141,560,177,13,7,345,35,5,0,56,13,125,57
3401521060,060,34,015,37980,428,99999,999,Elk township,4216,1576,3514,1347,4216,3514,3362,2884,623,501,22,20,27,15,0,0,72,48,110,46
3401524840,060,34,015,37980,428,99999,999,Franklin township,16820,6104,15466,5461,16820,15466,14876,13954,1208,1030,34,48,213,63,5,2,174,193,310,176
3401526340,060,34,015,37980,428,99999,999,Glassboro borough,18579,6590,19068,6555,18579,19068,13423,14212,3469,3712,21,32,534,441,10,17,580,282,542,372
3401528185,060,34,015,37980,428,99999,999,Greenwich township,4899,2048,4879,1944,4899,4879,4567,4613,196,162,3,5,37,33,0,1,20,13,76,52
3401530180,060,34,015,37980,428,99999,999,Harrison township,12417,4089,8788,2939,12417,8788,11246,8363,475,260,11,11,420,64,0,0,59,36,206,54
3401541160,060,34,015,37980,428,99999,999,Logan township,6042,2172,6032,2077,6042,6032,4926,4946,755,815,9,8,154,107,1,1,68,73,129,82
3401543440,060,34,015,37980,428,99999,999,Mantua township,15217,5980,14217,5411,15217,14217,14340,13622,380,294,31,28,168,122,1,0,100,40,197,111
3401547250,060,34,015,37980,428,99999,999,Monroe township,36129,13387,28967,11069,36129,28967,28689,24573,5060,3231,73,72,875,356,5,9,557,286,870,440
3401549680,060,34,015,37980,428,99999,999,National Park borough,3036,1153,3205,1165,3036,3205,2923,3152,41,3,5,8,18,8,0,1,4,17,45,16
3401551390,060,34,015,37980,428,99999,999,Newfield borough,1553,626,1616,620,1553,1616,1470,1537,34,21,4,11,5,9,0,0,15,17,25,21
3401557150,060,34,015,37980,428,99999,999,Paulsboro borough,6097,2533,6160,2628,6097,6160,3322,3915,2239,1949,21,15,43,20,4,6,143,81,325,174
3401559070,060,34,015,37980,428,99999,999,Pitman borough,9011,3705,9331,3653,9011,9331,8658,9066,103,85,8,11,56,58,3,1,58,21,125,89
3401569030,060,34,015,37980,428,99999,999,South Harrison township,3162,1056,2417,829,3162,2417,2896,2250,160,91,0,1,38,7,1,1,30,53,37,14
3401571850,060,34,015,37980,428,99999,999,Swedesboro borough,2584,1004,2055,860,2584,2055,1804,1581,388,339,15,1,35,7,2,0,245,69,95,58
3401577180,060,34,015,37980,428,99999,999,Washington township,48559,17810,47114,16020,48559,47114,42588,42497,2825,2286,52,39,1836,1558,9,6,415,252,834,476
3401578110,060,34,015,37980,428,99999,999,Wenonah borough,2278,860,2317,860,2278,2317,2193,2260,21,25,3,2,24,15,1,0,5,0,31,15
3401578800,060,34,015,37980,428,99999,999,West Deptford township,21677,9441,19368,7999,21677,19368,19283,17875,1414,984,25,45,415,219,3,4,187,82,350,159
3401580120,060,34,015,37980,428,99999,999,Westville borough,4288,1912,4500,1938,4288,4500,3839,4206,210,122,7,6,64,45,2,1,99,58,67,62
3401582120,060,34,015,37980,428,99999,999,Woodbury city,10174,4456,10307,4310,10174,10307,6716,7467,2534,2353,23,23,130,102,28,14,325,132,418,216
3401582180,060,34,015,37980,428,99999,999,Woodbury Heights borough,3055,1125,2988,1045,3055,2988,2840,2879,104,46,5,8,50,30,1,0,11,14,44,11
3401582840,060,34,015,37980,428,99999,999,Woolwich township,10200,3275,3032,1026,10200,3032,8276,2763,1017,138,13,0,614,34,0,0,80,59,200,38
3401703580,060,34,017,35620,408,99999,999,Bayonne city,63024,27799,61842,26826,63024,61842,43618,48631,5584,3416,194,106,4861,2562,16,30,6303,4611,2448,2486
3401719360,060,34,017,35620,408,99999,999,East Newark borough,2406,794,2377,799,2406,2377,1516,1593,46,40,10,12,188,60,1,1,551,499,94,172
3401728650,060,34,017,35620,408,99999,999,Guttenberg town,11176,4839,10807,4650,11176,10807,7537,7022,537,412,102,41,818,789,4,1,1593,1775,585,767
3401730210,060,34,017,35620,408,99999,999,Harrison town,13620,5228,14424,5254,13620,14424,7941,9534,297,142,76,57,2217,1715,2,4,2517,2302,570,670
3401732250,060,34,017,35620,408,99999,999,Hoboken city,50005,26855,38577,19915,50005,38577,41124,31178,1767,1644,73,60,3558,1661,15,21,2144,2942,1324,1071
3401736000,060,34,017,35620,408,99999,999,Jersey City city,247597,108720,240055,93648,247597,240055,80885,81637,64002,67994,1272,1071,58595,38881,161,181,31726,36280,10956,14011
3401736510,060,34,017,35620,408,99999,999,Kearny town,40684,14180,40513,13872,40684,40513,29933,30687,2186,1609,163,148,1793,2228,32,27,5099,4068,1478,1746
3401752470,060,34,017,35620,408,99999,999,North Bergen township,60773,23912,58092,22009,60773,58092,40705,39131,2456,1581,535,235,3979,3756,49,28,10107,9023,2942,4338
3401766570,060,34,017,35620,408,99999,999,Secaucus town,16264,6846,15931,6385,16264,15931,11125,12512,668,709,32,18,3318,1880,6,7,713,445,402,360
3401774630,060,34,017,35620,408,99999,999,Union City city,66455,24931,67088,23741,66455,67088,38549,39167,3487,2442,819,467,1587,1441,33,54,18231,18911,3749,4606
3401777930,060,34,017,35620,408,99999,999,Weehawken township,12554,6213,13501,6159,12554,13501,9020,9862,606,483,61,27,1024,630,1,14,1351,1882,491,603
3401779610,060,34,017,35620,408,99999,999,West New York town,49708,20018,45768,17360,49708,45768,30839,27503,2289,1626,744,305,2986,1339,24,15,10038,11515,2788,3465
3401900550,060,34,019,35620,408,99999,999,Alexandria township,4938,1865,4698,1598,4938,4698,4681,4558,99,37,2,5,90,34,1,2,31,21,34,41
3401905650,060,34,019,35620,408,99999,999,Bethlehem township,3979,1386,3820,1303,3979,3820,3806,3725,39,33,4,4,75,39,0,2,20,1,35,16
3401906370,060,34,019,35620,408,99999,999,Bloomsbury borough,870,358,886,342,870,886,830,870,9,3,0,2,16,3,0,0,3,1,12,7
3401909280,060,34,019,35620,408,99999,999,Califon borough,1076,419,1055,410,1076,1055,1034,1041,3,0,1,0,9,8,0,0,1,0,28,6
3401913720,060,34,019,35620,408,99999,999,Clinton town,2719,1098,2632,1095,2719,2632,2434,2423,36,35,6,12,181,98,0,0,17,36,45,28
3401913750,060,34,019,35620,408,99999,999,Clinton township,13478,4737,12957,4234,13478,12957,11649,11365,810,902,27,26,525,304,6,9,241,206,220,145
3401917170,060,34,019,35620,408,99999,999,Delaware township,4563,1927,4478,1701,4563,4478,4401,4375,30,18,8,2,42,46,0,1,23,11,59,25
3401918820,060,34,019,35620,408,99999,999,East Amwell township,4013,1580,4455,1624,4013,4455,3845,4320,50,32,2,6,57,41,0,1,27,21,32,34
3401923700,060,34,019,35620,408,99999,999,Flemington borough,4581,1926,4200,1876,4581,4200,3595,3684,180,134,14,13,266,131,1,7,399,132,126,99
3401924870,060,34,019,35620,408,99999,999,Franklin township,3195,1204,2990,1125,3195,2990,3094,2916,22,12,5,7,40,23,3,0,14,10,17,22
3401925350,060,34,019,35620,408,99999,999,Frenchtown borough,1373,656,1488,630,1373,1488,1327,1428,11,6,5,3,13,18,0,0,1,20,16,13
3401926550,060,34,019,35620,408,99999,999,Glen Gardner borough,1704,825,1902,829,1704,1902,1611,1820,30,17,1,2,31,28,0,2,6,11,25,22
3401929460,060,34,019,35620,408,99999,999,Hampton borough,1401,612,1546,574,1401,1546,1293,1407,35,77,10,6,26,15,1,0,14,12,22,29
3401931320,060,34,019,35620,408,99999,999,High Bridge borough,3648,1481,3776,1478,3648,3776,3399,3634,48,30,8,13,116,54,0,1,27,17,50,27
3401932460,060,34,019,35620,408,99999,999,Holland township,5291,2066,5124,1942,5291,5124,5165,5026,38,22,3,2,41,22,2,0,15,20,27,32
3401937065,060,34,019,35620,408,99999,999,Kingwood township,3845,1569,3782,1422,3845,3782,3711,3692,25,23,1,3,42,29,0,0,20,7,46,28
3401938610,060,34,019,35620,408,99999,999,Lambertville city,3906,2075,3868,1961,3906,3868,3566,3661,76,75,8,13,51,41,0,2,161,35,44,41
3401939630,060,34,019,35620,408,99999,999,Lebanon borough,1358,664,1065,477,1358,1065,1224,1016,24,7,2,2,71,33,0,0,12,4,25,3
3401939660,060,34,019,35620,408,99999,999,Lebanon township,6588,2439,5816,2020,6588,5816,6259,5640,111,47,4,6,97,54,7,1,39,22,71,46
3401946260,060,34,019,35620,408,99999,999,Milford borough,1233,552,1195,484,1233,1195,1200,1166,3,2,2,2,12,5,1,4,3,1,12,15
3401961920,060,34,019,35620,408,99999,999,Raritan township,22185,8288,19809,7094,22185,19809,19870,18466,459,244,23,17,1319,693,9,2,185,135,320,252
3401962250,060,34,019,35620,408,99999,999,Readington township,16126,6191,15803,5794,16126,15803,15011,15035,214,120,18,10,581,405,1,0,124,84,177,149
3401970980,060,34,019,35620,408,99999,999,Stockton borough,538,259,560,258,538,560,529,552,0,0,0,0,5,5,0,0,0,0,4,3
3401972510,060,34,019,35620,408,99999,999,Tewksbury township,5993,2323,5541,2052,5993,5541,5643,5365,50,29,2,0,175,104,0,0,49,15,74,28
3401974420,060,34,019,35620,408,99999,999,Union township,5908,1830,6160,1725,5908,6160,4916,5041,535,823,9,11,244,98,3,1,95,98,106,88
3401978230,060,34,019,35620,408,99999,999,West Amwell township,3840,1157,2383,984,3840,2383,3171,2337,514,15,2,2,56,17,2,0,43,1,52,11
3402119780,060,34,021,45940,408,99999,999,East Windsor township,27190,10851,24919,9880,27190,24919,16880,18545,2343,2217,145,49,4802,2380,16,31,2260,1148,744,549
3402122185,060,34,021,45940,408,99999,999,Ewing township,35790,13926,35707,12924,35790,35707,22598,24645,9885,8863,109,55,1538,811,15,22,803,653,842,658
3402129310,060,34,021,45940,408,99999,999,Hamilton township,88464,36170,87109,34535,88464,87109,69340,74173,10419,7112,149,121,2914,2234,79,31,3775,1908,1788,1530
3402131620,060,34,021,45940,408,99999,999,Hightstown borough,5494,2108,5216,2081,5494,5216,3815,3992,442,444,31,19,224,119,8,4,745,503,229,135
3402133150,060,34,021,45940,408,99999,999,Hopewell borough,1922,817,2035,836,1922,2035,1827,1942,29,22,2,10,13,20,1,0,29,25,21,16
3402133180,060,34,021,45940,408,99999,999,Hopewell township,17304,6551,16105,5629,17304,16105,15010,14220,364,939,12,20,1539,639,1,4,90,107,288,176
3402139510,060,34,021,45940,408,99999,999,Lawrence township,33472,13239,29159,11180,33472,29159,23322,23101,3602,2707,66,23,4721,2306,29,31,913,523,819,468
3402157600,060,34,021,45940,408,99999,999,Pennington borough,2585,1083,2696,1040,2585,2696,2462,2560,47,71,0,0,46,27,2,0,2,11,26,27
3402160900,060,34,021,45940,408,99999,999,Princeton borough,12307,3488,14203,3495,12307,14203,8870,11399,793,908,22,40,1663,1060,20,20,508,355,431,421
3402160915,060,34,021,45940,408,99999,999,Princeton township,16265,6814,16027,6224,16265,16027,12283,12807,810,852,22,20,2305,1599,4,8,368,338,473,403
3402163850,060,34,021,45940,408,99999,999,Robbinsville township,13642,5277,,,13642,,11131,,426,,13,,1729,,0,,97,,246,
3402174000,060,34,021,45940,408,99999,999,Trenton city,84913,33035,85403,33843,84913,85403,22549,27802,44160,44465,598,300,1013,716,110,199,13003,9190,3480,2731
3402180240,060,34,021,45940,408,99999,999,West Windsor township,27165,9810,21907,7450,27165,21907,14924,15670,998,605,25,17,10245,4986,10,2,263,236,700,391
3402310750,060,34,023,35620,408,99999,999,Carteret borough,22844,8148,20709,7320,22844,20709,11577,14239,3393,1975,80,49,4349,1722,12,7,2553,1918,880,799
3402315550,060,34,023,35620,408,99999,999,Cranbury township,3857,1371,3227,1121,3857,3227,3106,2865,133,73,4,0,530,239,1,0,14,7,69,43
3402318490,060,34,023,35620,408,99999,999,Dunellen borough,7227,2683,6823,2520,7227,6823,5309,5736,623,250,19,17,326,243,4,1,699,435,247,141
3402319000,060,34,023,35620,408,99999,999,East Brunswick township,47512,17367,46756,16640,47512,46756,32954,36265,1890,1321,48,42,10835,7607,6,5,798,526,981,990
3402320230,060,34,023,35620,408,99999,999,Edison township,99967,36302,97687,36018,99967,97687,44084,58116,7046,6728,229,132,43177,28597,36,37,2718,1973,2677,2104
3402330840,060,34,023,35620,408,99999,999,Helmetta borough,2178,920,1825,769,2178,1825,1930,1700,86,44,2,4,106,44,0,1,25,16,29,16
3402331470,060,34,023,35620,408,99999,999,Highland Park borough,13982,6203,13999,6071,13982,13999,9544,10087,1095,1111,20,16,2495,1908,4,12,458,503,366,362
3402334890,060,34,023,35620,408,99999,999,Jamesburg borough,5915,2267,6025,2240,5915,6025,4371,4990,523,532,50,12,268,134,0,0,557,229,146,128
3402345690,060,34,023,35620,408,99999,999,Metuchen borough,13574,5440,12840,5104,13574,12840,10577,10835,662,681,10,13,1759,928,3,0,189,144,374,239
3402345900,060,34,023,35620,408,99999,999,Middlesex borough,13635,5148,13717,5130,13635,13717,11077,11970,699,461,24,18,818,570,10,3,732,440,275,255
3402346620,060,34,023,35620,408,99999,999,Milltown borough,6893,2698,7000,2670,6893,7000,6372,6570,85,53,9,11,232,215,0,0,109,81,86,70
3402347280,060,34,023,35620,408,99999,999,Monroe township,39132,18002,27999,13259,39132,27999,31913,26127,1533,820,33,16,4930,655,4,24,244,189,475,168
3402351210,060,34,023,35620,408,99999,999,New Brunswick city,55181,15053,48573,13893,55181,48573,25071,23701,8852,11185,498,224,4195,2584,19,40,14122,8780,2424,2059
3402352560,060,34,023,35620,408,99999,999,North Brunswick township,40742,15045,36287,13932,40742,36287,18991,22763,7116,5542,171,63,9888,5152,15,10,3323,1707,1238,1050
3402354705,060,34,023,35620,408,99999,999,Old Bridge township,65375,24638,60456,21896,65375,60456,48418,48049,4063,3207,129,94,9374,6544,10,27,1780,1133,1601,1402
3402358200,060,34,023,35620,408,99999,999,Perth Amboy city,50814,16556,47303,15236,50814,47303,25541,21951,5358,4749,561,330,859,723,27,60,15634,16834,2834,2656
3402359010,060,34,023,35620,408,99999,999,Piscataway township,56044,17777,50482,16946,56044,50482,21554,24642,11596,10254,173,104,18744,12519,13,13,2011,1553,1953,1397
3402359280,060,34,023,35620,408,99999,999,Plainsboro township,22999,10089,20215,9133,22999,20215,9445,11765,1847,1533,69,20,10630,6168,4,2,404,275,600,452
3402365790,060,34,023,35620,408,99999,999,Sayreville borough,42704,16393,40377,15235,42704,40377,28630,30875,4573,3481,100,53,6882,4265,18,8,1495,855,1006,840
3402368550,060,34,023,35620,408,99999,999,South Amboy city,8631,3576,7913,3110,8631,7913,7459,7456,382,68,9,15,348,109,0,2,258,135,175,128
3402368790,060,34,023,35620,408,99999,999,South Brunswick township,43417,15708,37734,13862,43417,37734,22611,26600,3348,2975,72,48,15592,6808,8,14,658,518,1128,771
3402369390,060,34,023,35620,408,99999,999,South Plainfield borough,23385,8093,21810,7307,23385,21810,15607,16956,2361,1866,87,49,3433,1652,8,1,1120,759,769,527
3402369420,060,34,023,35620,408,99999,999,South River borough,16008,5957,15322,5769,16008,15322,12195,12801,1142,929,50,18,775,542,9,8,1309,587,528,437
3402369810,060,34,023,35620,408,99999,999,Spotswood borough,8257,3242,7880,3158,8257,7880,7318,7391,246,122,9,6,424,230,1,1,105,58,154,72
3402382000,060,34,023,35620,408,99999,999,Woodbridge township,99585,36124,97203,35298,99585,97203,58935,68848,9810,8507,321,167,22324,14054,39,24,5254,3212,2902,2391
3402500000,060,34,025,35620,408,99999,999,County subdivisions not defined,0,0,0,0,0,0,0,0,0,0,0,0,0,0,0,0,0,0,0,0
3402500070,060,34,025,35620,408,99999,999,Aberdeen township,18210,7102,17454,6558,18210,17454,13954,13758,2161,2098,41,24,1171,962,8,1,504,306,371,305
3402500730,060,34,025,35620,408,99999,999,Allenhurst borough,496,365,718,370,496,718,470,699,5,6,0,2,5,3,0,0,7,1,9,7
3402500760,060,34,025,35620,408,99999,999,Allentown borough,1828,735,1882,718,1828,1882,1663,1706,81,121,2,11,28,12,0,0,16,11,38,21
3402501960,060,34,025,35620,408,99999,999,Asbury Park city,16116,8076,16930,7744,16116,16930,5875,4194,8275,10515,79,55,77,119,20,12,1232,1098,558,937
3402502110,060,34,025,35620,408,99999,999,Atlantic Highlands borough,4385,2002,4705,2056,4385,4705,4086,4440,63,108,11,3,95,58,0,0,55,48,75,48
3402502440,060,34,025,35620,408,99999,999,Avon-by-the-Sea borough,1901,1321,2244,1387,1901,2244,1843,2180,6,12,0,10,12,20,0,0,24,14,16,8
3402504930,060,34,025,35620,408,99999,999,Belmar borough,5794,3931,6045,3996,5794,6045,5044,5533,202,209,14,11,53,62,8,0,328,120,145,110
3402506970,060,34,025,35620,408,99999,999,Bradley Beach borough,4298,3180,4793,3132,4298,4793,3656,4225,213,185,18,8,78,70,1,1,224,192,108,112
3402507750,060,34,025,35620,408,99999,999,Brielle borough,4774,2034,4893,2123,4774,4893,4518,4553,121,172,5,3,45,33,0,0,22,79,63,53
3402514560,060,34,025,35620,408,99999,999,Colts Neck township,10142,3735,12331,3614,10142,12331,9348,10544,169,973,1,28,464,447,0,1,37,179,123,159
3402516660,060,34,025,35620,408,99999,999,Deal borough,750,926,1070,953,750,1070,687,1010,12,13,0,1,26,3,1,0,15,29,9,14
3402519840,060,34,025,35620,408,99999,999,Eatontown borough,12709,5723,14008,6341,12709,14008,9060,10267,1577,1626,36,48,1102,1305,11,5,463,323,460,434
3402521570,060,34,025,35620,408,99999,999,Englishtown borough,1847,647,1764,680,1847,1764,1628,1559,48,73,0,2,126,79,2,0,17,29,26,22
3402522440,060,34,025,35620,408,99999,999,Fair Haven borough,6121,2065,5937,2037,6121,5937,5792,5573,153,243,6,2,66,58,6,0,27,13,71,48
3402522950,060,34,025,35620,408,99999,999,Farmingdale borough,1329,578,1587,638,1329,1587,1191,1486,38,18,6,0,42,37,0,0,23,33,29,13
3402525200,060,34,025,35620,408,99999,999,Freehold borough,12052,4249,10976,3821,12052,10976,7920,7795,1515,1738,63,60,348,269,8,2,1850,729,348,383
3402525230,060,34,025,35620,408,99999,999,Freehold township,36184,13140,31537,11032,36184,31537,30509,27466,1931,1616,47,44,2544,1623,7,5,531,374,615,409
3402530690,060,34,025,35620,408,99999,999,Hazlet township,20334,7417,21378,7406,20334,21378,18694,19918,301,235,15,12,691,725,3,1,322,242,308,245
3402531500,060,34,025,35620,408,99999,999,Highlands borough,5005,3146,5097,2820,5005,5097,4653,4847,81,81,14,17,65,51,0,0,97,30,95,71
3402532640,060,34,025,35620,408,99999,999,Holmdel township,16773,5792,15781,5137,16773,15781,13007,12657,145,102,11,4,3213,2753,2,1,90,82,305,182
3402533300,060,34,025,35620,408,99999,999,Howell township,51075,17979,48903,16572,51075,48903,45100,44008,1865,1739,79,58,2309,1749,23,5,822,633,877,711
3402534200,060,34,025,35620,408,99999,999,Interlaken borough,820,393,900,397,820,900,807,888,0,0,0,0,4,2,0,1,3,0,6,9
3402536480,060,34,025,35620,408,99999,999,Keansburg borough,10105,4318,10732,4269,10105,10732,8505,10014,664,229,23,11,172,132,8,7,408,187,325,152
3402536810,060,34,025,35620,408,99999,999,Keyport borough,7240,3272,7568,3400,7240,7568,5792,6447,521,531,20,9,172,168,2,3,552,224,181,186
3402537560,060,34,025,35620,408,99999,999,Lake Como borough,1759,1115,,,1759,,1458,,108,,15,,21,,0,,120,,37,
3402540770,060,34,025,35620,408,99999,999,Little Silver borough,5950,2278,6170,2288,5950,6170,5737,5994,17,19,6,10,104,93,8,1,10,12,68,41
3402541010,060,34,025,35620,408,99999,999,Loch Arbour village,194,159,280,156,194,280,184,266,3,6,0,0,3,2,0,0,1,1,3,5
3402541310,060,34,025,35620,408,99999,999,Long Branch city,30719,14170,31340,13983,30719,31340,20060,21320,4364,5847,170,113,655,513,24,15,4067,2220,1379,1312
3402542990,060,34,025,35620,408,99999,999,Manalapan township,38872,13735,33423,11066,38872,33423,34423,30687,925,664,18,9,2682,1514,7,5,364,177,453,367
3402543050,060,34,025,35620,408,99999,999,Manasquan borough,5897,3500,6310,3531,5897,6310,5665,6177,18,26,1,7,36,28,1,0,114,30,62,42
3402544070,060,34,025,35620,408,99999,999,Marlboro township,40191,13436,36398,11896,40191,36398,31587,30487,841,752,25,17,6939,4612,2,5,257,171,540,354
3402544520,060,34,025,35620,408,99999,999,Matawan borough,8810,3606,8910,3640,8810,8910,7134,7337,620,582,10,2,565,712,1,2,244,110,236,165
3402545990,060,34,025,35620,408,99999,999,Middletown township,66522,24959,66327,23841,66522,66327,62456,62819,869,803,67,46,1730,1717,8,17,537,353,855,572
3402546560,060,34,025,35620,408,99999,999,Millstone township,10566,3434,8970,2797,10566,8970,9450,8237,379,274,18,9,476,308,0,3,85,55,158,84
3402547130,060,34,025,35620,408,99999,999,Monmouth Beach borough,3279,1981,3595,1969,3279,3595,3197,3511,11,19,3,0,24,31,1,0,9,12,34,22
3402549890,060,34,025,35620,408,99999,999,Neptune township,27935,12991,27690,12217,27935,27690,14855,15485,10772,10567,94,46,632,325,9,12,701,547,872,708
3402549920,060,34,025,35620,408,99999,999,Neptune City borough,4869,2312,5218,2342,4869,5218,3798,4351,517,497,11,12,217,142,1,0,189,110,136,106
3402554270,060,34,025,35620,408,99999,999,Ocean township,27291,11541,26959,10756,27291,26959,22013,22738,2173,1529,54,40,1791,1689,13,20,582,425,665,518
3402554570,060,34,025,35620,408,99999,999,Oceanport borough,5832,2390,5807,2114,5832,5807,5445,5558,175,114,3,4,93,46,0,1,39,32,77,52
3402562430,060,34,025,35620,408,99999,999,Red Bank borough,12206,5381,11844,5450,12206,11844,7714,8077,1516,2375,118,41,226,259,13,10,2265,797,354,285
3402564410,060,34,025,35620,408,99999,999,Roosevelt borough,882,327,933,351,882,933,816,830,8,24,0,0,28,19,0,1,17,21,13,38
3402565130,060,34,025,35620,408,99999,999,Rumson borough,7122,2585,7137,2610,7122,7137,6924,6978,18,17,5,4,90,76,2,0,11,26,72,36
3402566240,060,34,025,35620,408,99999,999,Sea Bright borough,1412,1211,1818,1202,1412,1818,1335,1716,11,32,0,0,32,41,0,0,21,16,13,13
3402566330,060,34,025,35620,408,99999,999,Sea Girt borough,1828,1291,2148,1285,1828,2148,1812,2129,0,2,0,0,4,6,0,0,4,1,8,10
3402567350,060,34,025,35620,408,99999,999,Shrewsbury borough,3809,1310,3590,1223,3809,3590,3642,3468,25,19,4,0,81,60,1,0,22,13,34,30
3402567365,060,34,025,35620,408,99999,999,Shrewsbury township,1141,648,1098,546,1141,1098,823,733,163,183,1,0,75,110,0,0,34,31,45,41
3402570110,060,34,025,35620,408,99999,999,Spring Lake borough,2993,2048,3567,1930,2993,3567,2922,3523,8,12,1,0,30,10,1,0,15,4,16,18
3402570140,060,34,025,35620,408,99999,999,Spring Lake Heights borough,4713,2972,5227,2950,4713,5227,4553,5085,30,58,7,1,51,19,1,1,22,35,49,28
3402573020,060,34,025,35620,408,99999,999,Tinton Falls borough,17892,8766,15053,6211,17892,15053,14741,11862,1672,1963,23,36,835,747,4,2,235,157,382,286
3402574540,060,34,025,35620,408,99999,999,Union Beach borough,6245,2269,6649,2229,6245,6649,5686,6280,96,58,10,13,113,82,0,0,193,90,147,126
3402574900,060,34,025,35620,408,99999,999,Upper Freehold township,6902,2458,4282,1501,6902,4282,6315,4055,139,45,10,6,300,60,1,0,46,36,91,80
3402576460,060,34,025,35620,408,99999,999,Wall township,26164,10883,25261,9957,26164,25261,24521,24526,639,155,41,26,421,319,2,9,237,80,303,146
3402579310,060,34,025,35620,408,99999,999,West Long Branch borough,8097,2528,8258,2535,8097,8258,7648,7781,179,184,5,6,96,100,1,3,77,41,91,143
3402706610,060,34,027,35620,408,99999,999,Boonton town,8347,3398,8496,3352,8347,8496,6578,7052,402,337,26,18,839,660,1,1,233,187,268,241
3402706640,060,34,027,35620,408,99999,999,Boonton township,4263,1647,4287,1510,4263,4287,3937,3987,66,51,5,2,170,175,2,0,23,27,60,45
3402709040,060,34,027,35620,408,99999,999,Butler borough,7539,3169,7420,2923,7539,7420,6706,7041,84,46,12,15,228,137,0,1,373,110,136,70
3402712100,060,34,027,35620,408,99999,999,Chatham borough,8962,3210,8460,3232,8962,8460,8167,8104,89,12,18,5,435,238,0,1,90,42,163,58
3402712130,060,34,027,35620,408,99999,999,Chatham township,10452,4128,10086,4019,10452,10086,9495,9452,78,45,8,6,665,485,1,1,40,15,165,82
3402712580,060,34,027,35620,408,99999,999,Chester borough,1649,647,1635,627,1649,1635,1497,1548,17,13,8,0,38,28,0,0,53,33,36,13
3402712610,060,34,027,35620,408,99999,999,Chester township,7838,2697,7282,2377,7838,7282,7314,6927,82,84,2,1,274,174,1,4,42,19,123,73
3402717650,060,34,027,35620,408,99999,999,Denville township,16635,6734,15824,6178,16635,15824,14887,14659,236,181,20,12,1084,734,1,5,129,70,278,163
3402718070,060,34,027,35620,408,99999,999,Dover town,18157,5783,18188,5568,18157,18188,12083,12631,1108,1242,114,62,461,450,9,5,3610,2909,772,889
3402719210,060,34,027,35620,408,99999,999,East Hanover township,11157,3976,11393,3895,11157,11393,9496,9921,93,66,9,3,1330,1269,0,0,105,27,124,107
3402723910,060,34,027,35620,408,99999,999,Florham Park borough,11696,4201,8857,3342,11696,8857,10099,8326,509,88,8,1,745,343,8,5,129,34,198,60
3402729550,060,34,027,35620,408,99999,999,Hanover township,13712,5526,12898,4818,13712,12898,11728,11452,138,140,6,7,1481,1123,1,1,173,76,185,99
3402729700,060,34,027,35620,408,99999,999,Harding township,3838,1610,3180,1243,3838,3180,3613,3091,38,13,5,0,102,34,0,1,13,7,67,34
3402734980,060,34,027,35620,408,99999,999,Jefferson township,21314,8597,19717,7527,21314,19717,19318,18955,332,163,18,32,981,211,4,10,317,122,344,224
3402737110,060,34,027,35620,408,99999,999,Kinnelon borough,10248,3600,9365,3123,10248,9365,9536,8953,93,54,5,4,437,266,0,9,52,22,125,57
3402740290,060,34,027,35620,408,99999,999,Lincoln Park borough,10521,4145,10930,4110,10521,10930,9075,9845,193,191,21,13,776,578,0,1,238,142,218,160
3402741362,060,34,027,35620,408,99999,999,Long Hill township,8702,3226,8777,3206,8702,8777,7885,8141,54,34,8,15,520,420,1,3,92,49,142,115
3402742510,060,34,027,35620,408,99999,999,Madison borough,15845,5775,16530,5641,15845,16530,13746,14826,469,496,19,21,873,624,2,38,371,256,365,269
3402745330,060,34,027,35620,408,99999,999,Mendham borough,4981,1798,5097,1828,4981,5097,4767,4951,51,23,2,1,102,72,4,3,9,14,46,33
3402745360,060,34,027,35620,408,99999,999,Mendham township,5869,2062,5400,1849,5869,5400,5477,5179,76,50,3,5,200,109,0,0,33,19,80,38
3402746860,060,34,027,35620,408,99999,999,Mine Hill township,3651,1380,3679,1388,3651,3679,2946,3326,168,126,15,4,181,92,1,3,211,66,129,62
3402747670,060,34,027,35620,408,99999,999,Montville township,21528,7823,20839,7541,21528,20839,16800,17703,275,193,22,9,3890,2619,2,4,186,74,353,237
3402748090,060,34,027,35620,408,99999,999,Morris township,22306,8502,21796,8298,22306,21796,19022,19317,1261,1189,23,33,1141,849,6,3,444,199,409,206
3402748210,060,34,027,35620,408,99999,999,Morris Plains borough,5532,2197,5236,1994,5532,5236,4948,4865,151,70,5,3,275,226,0,5,59,21,94,46
3402748300,060,34,027,35620,408,99999,999,Morristown town,18411,8172,18544,7615,18411,18544,11507,12452,2572,3144,117,41,799,700,11,12,2732,1572,673,623
3402748480,060,34,027,35620,408,99999,999,Mountain Lakes borough,4160,1363,4256,1357,4160,4256,3726,3960,15,16,3,0,318,220,0,3,14,22,84,35
3402748690,060,34,027,35620,408,99999,999,Mount Arlington borough,5050,2545,4663,2039,5050,4663,4567,4263,117,85,9,9,181,178,2,2,71,59,103,67
3402749080,060,34,027,35620,408,99999,999,Mount Olive township,28117,11244,24193,9311,28117,24193,22679,20974,1614,918,55,40,2315,1452,12,2,805,369,637,438
3402750130,060,34,027,35620,408,99999,999,Netcong borough,3232,1449,2580,1043,3232,2580,2722,2433,126,31,11,1,90,43,0,0,217,37,66,35
3402756460,060,34,027,35620,408,99999,999,Parsippany-Troy Hills township,53238,21274,50649,20066,53238,50649,33204,37620,1874,1574,92,61,15487,9145,8,28,1082,963,1491,1258
3402758110,060,34,027,35620,408,99999,999,Pequannock township,15540,6794,13888,5097,15540,13888,14881,13416,75,41,14,17,302,265,0,0,138,69,130,80
3402761890,060,34,027,35620,408,99999,999,Randolph township,25734,9343,24847,8903,25734,24847,21215,21293,690,572,28,15,2691,2272,3,5,584,326,523,364
3402763300,060,34,027,35620,408,99999,999,Riverdale borough,3559,1657,2498,940,3559,2498,3198,2333,43,27,2,1,189,68,0,0,59,40,68,29
3402764050,060,34,027,35620,408,99999,999,Rockaway borough,6438,2521,6473,2491,6438,6473,5330,5680,207,91,9,13,493,412,4,2,261,193,134,82
3402764080,060,34,027,35620,408,99999,999,Rockaway township,24156,9587,22930,8506,24156,22930,20878,20375,616,565,28,23,1611,1295,4,4,541,367,478,301
3402764980,060,34,027,35620,408,99999,999,Roxbury township,23324,8582,23883,8550,23324,23883,20573,22110,546,456,22,35,1346,855,12,17,362,162,463,248
3402775890,060,34,027,35620,408,99999,999,Victory Gardens borough,1520,566,1546,588,1520,1546,889,794,247,331,10,1,37,84,0,0,265,236,72,100
3402777240,060,34,027,35620,408,99999,999,Washington township,18533,6488,17592,5890,18533,17592,17247,16917,257,146,11,15,612,329,2,9,127,62,277,114
3402780390,060,34,027,35620,408,99999,999,Wharton borough,6522,2426,6298,2394,6522,6298,4947,5170,298,277,12,28,370,198,4,0,627,454,264,171
3402900000,060,34,029,35620,408,99999,999,County subdivisions not defined,0,0,0,0,0,0,0,0,0,0,0,0,0,0,0,0,0,0,0,0
3402903050,060,34,029,35620,408,99999,999,Barnegat township,20936,9085,15270,6066,20936,15270,19214,14468,681,338,30,14,363,152,1,0,265,107,382,191
3402903130,060,34,029,35620,408,99999,999,Barnegat Light borough,574,1282,764,1207,574,764,561,751,6,4,0,0,0,2,0,2,6,3,1,2
3402903520,060,34,029,35620,408,99999,999,Bay Head borough,968,1023,1238,1053,968,1238,954,1213,5,2,0,1,7,7,0,0,0,6,2,9
3402903940,060,34,029,35620,408,99999,999,Beach Haven borough,1170,2667,1278,2555,1170,1278,1084,1263,4,1,0,0,9,7,0,0,69,1,4,6
3402904180,060,34,029,35620,408,99999,999,Beachwood borough,11045,3826,10375,3623,11045,10375,10251,9925,198,101,8,13,166,117,1,6,269,115,152,98
3402905305,060,34,029,35620,408,99999,999,Berkeley township,41255,23818,39991,22288,41255,39991,39129,38833,723,519,46,16,466,181,5,4,465,173,421,265
3402907420,060,34,029,35620,408,99999,999,Brick township,75072,33677,76119,32689,75072,76119,69856,72932,1502,751,104,76,1173,904,27,12,1350,650,1060,794
3402918670,060,34,029,35620,408,99999,999,Eagleswood township,1603,760,1441,693,1603,1441,1546,1426,14,1,1,4,10,3,0,0,16,0,16,7
3402930390,060,34,029,35620,408,99999,999,Harvey Cedars borough,337,1214,359,1205,337,359,334,348,2,2,0,1,1,1,0,0,0,7,0,0
3402934530,060,34,029,35620,408,99999,999,Island Heights borough,1673,831,1751,807,1673,1751,1603,1712,4,2,2,8,23,11,0,0,6,1,35,17
3402934680,060,34,029,35620,408,99999,999,Jackson township,54856,20342,42816,14640,54856,42816,48765,39073,2664,1670,57,57,1616,882,18,3,696,414,1040,717
3402937380,060,34,029,35620,408,99999,999,Lacey township,27644,11573,25346,10580,27644,25346,26581,24800,167,91,38,38,222,139,6,2,316,103,314,173
3402937770,060,34,029,35620,408,99999,999,Lakehurst borough,2654,943,2522,961,2654,2522,2050,2124,287,198,17,16,56,59,6,2,97,69,141,54
3402938550,060,34,029,35620,408,99999,999,Lakewood township,92843,26337,60352,21214,92843,60352,78290,47542,5898,7270,276,105,777,836,14,19,6199,2783,1389,1797
3402939390,060,34,029,35620,408,99999,999,Lavallette borough,1875,3207,2665,3210,1875,2665,1835,2615,2,7,0,3,10,4,0,0,19,17,9,19
3402940560,060,34,029,35620,408,99999,999,Little Egg Harbor township,20065,10324,15945,7931,20065,15945,18899,15342,271,126,33,41,249,96,2,1,303,156,308,183
3402941250,060,34,029,35620,408,99999,999,Long Beach township,3051,9216,3329,9023,3051,3329,2959,3280,8,8,1,1,15,12,0,0,48,11,20,17
3402943140,060,34,029,35620,408,99999,999,Manchester township,43070,25886,38928,22681,43070,38928,39623,36724,1654,1190,38,45,768,338,10,10,479,267,498,354
3402943380,060,34,029,35620,408,99999,999,Mantoloking borough,296,535,423,522,296,423,281,413,5,7,1,0,1,2,0,0,7,1,1,0
3402954300,060,34,029,35620,408,99999,999,Ocean township,8332,4291,6450,2981,8332,6450,8061,6278,49,48,11,10,90,27,1,2,38,23,82,62
3402954450,060,34,029,35620,408,99999,999,Ocean Gate borough,2011,1203,2076,1152,2011,2076,1914,2004,27,20,1,3,4,20,0,0,42,11,23,18
3402958590,060,34,029,35620,408,99999,999,Pine Beach borough,2127,903,1950,872,2127,1950,2052,1919,8,5,3,1,30,12,0,0,15,4,19,9
3402959790,060,34,029,35620,408,99999,999,Plumsted township,8421,3067,7275,2628,8421,7275,7932,6831,152,167,27,10,73,53,2,1,104,99,131,114
3402959880,060,34,029,35620,408,99999,999,Point Pleasant borough,18392,8331,19306,8350,18392,19306,17666,18887,75,56,24,27,133,105,6,2,305,96,183,133
3402959910,060,34,029,35620,408,99999,999,Point Pleasant Beach borough,4665,3373,5314,3558,4665,5314,4308,5098,39,28,7,18,39,54,1,1,211,78,60,37
3402966450,060,34,029,35620,408,99999,999,Seaside Heights borough,2887,3003,3155,2840,2887,3155,2331,2838,193,127,17,20,44,27,0,0,201,37,101,106
3402966480,060,34,029,35620,408,99999,999,Seaside Park borough,1579,2703,2263,2811,1579,2263,1532,2213,15,6,0,8,6,14,0,2,14,4,12,16
3402967110,060,34,029,35620,408,99999,999,Ship Bottom borough,1156,2066,1384,2218,1156,1384,1074,1333,15,4,2,10,5,12,0,0,46,15,14,10
3402969510,060,34,029,35620,408,99999,999,South Toms River borough,3684,1160,3634,1123,3684,3634,2490,2637,712,769,21,5,23,25,0,0,263,91,175,107
3402970320,060,34,029,35620,408,99999,999,Stafford township,26535,13604,22532,11522,26535,22532,25077,21808,278,166,42,21,394,217,8,7,445,114,291,199
3402971640,060,34,029,35620,408,99999,999,Surf City borough,1205,2566,1442,2621,1205,1442,1151,1414,16,2,0,3,7,5,4,6,17,8,10,4
3402973125,060,34,029,35620,408,99999,999,Toms River township,91239,43334,,,91239,,82035,,2465,,156,,3266,,17,,1785,,1515,
3402974210,060,34,029,35620,408,99999,999,Tuckerton borough,3347,1902,3517,1971,3347,3517,3139,3408,25,14,3,10,35,19,0,0,69,19,76,47
3403106340,060,34,031,35620,408,99999,999,Bloomingdale borough,7656,3089,7610,2940,7656,7610,7041,7271,87,32,17,9,188,167,0,0,232,51,91,80
3403113690,060,34,031,35620,408,99999,999,Clifton city,84136,31946,78672,31060,84136,78672,58588,59960,4137,2277,419,192,7488,5066,22,27,10464,7553,3018,3597
3403129070,060,34,031,35620,408,99999,999,Haledon borough,8318,2932,8252,2906,8318,8252,5189,6073,979,585,44,14,528,377,8,2,1224,833,346,368
3403130570,060,34,031,35620,408,99999,999,Hawthorne borough,18791,7756,18218,7419,18791,18218,16652,17080,426,137,40,25,530,344,0,3,804,287,339,342
3403140620,060,34,031,35620,408,99999,999,Little Falls township,14432,4925,10855,4797,14432,10855,12510,10001,593,71,22,7,658,456,1,2,344,144,304,174
3403153040,060,34,031,35620,408,99999,999,North Haledon borough,8417,3213,7920,2675,8417,7920,7704,7526,148,114,2,5,318,79,0,0,107,75,138,121
3403156550,060,34,031,35620,408,99999,999,Passaic city,69781,20432,67861,20194,69781,67861,31440,24044,7425,9385,745,531,3040,3740,27,29,23284,26709,3820,3423
3403157000,060,34,031,35620,408,99999,999,Paterson city,146199,47946,149222,47169,146199,149222,50706,45913,46314,49095,1547,901,4878,2831,60,84,34999,41184,7695,9214
3403160090,060,34,031,35620,408,99999,999,Pompton Lakes borough,11097,4341,10640,4024,11097,10640,9758,9896,157,129,12,20,598,322,2,1,374,167,196,105
3403161170,060,34,031,35620,408,99999,999,Prospect Park borough,5865,1931,5779,1889,5865,5779,2995,3535,1165,789,88,24,188,182,6,4,1068,792,355,453
3403163150,060,34,031,35620,408,99999,999,Ringwood borough,12228,4331,12396,4221,12228,12396,11321,11636,166,199,152,179,213,148,2,1,144,83,230,150
3403173140,060,34,031,35620,408,99999,999,Totowa borough,10804,3918,9892,3630,10804,9892,9231,9239,248,111,11,2,640,224,0,0,456,195,218,121
3403176730,060,34,031,35620,408,99999,999,Wanaque borough,11116,4184,10266,3500,11116,10266,9724,9308,341,155,45,35,517,372,1,3,250,211,238,182
3403177840,060,34,031,35620,408,99999,999,Wayne township,54717,19768,54069,19218,54717,54069,47097,48687,1247,895,51,54,4478,3066,11,11,985,631,848,725
3403179460,060,34,031,35620,408,99999,999,West Milford township,25850,10419,26410,9909,25850,26410,24315,25110,362,326,134,159,334,269,4,4,273,160,428,382
3403182423,060,34,031,35620,408,99999,999,Woodland Park borough,11819,4835,,,11819,,9730,,500,,19,,496,,12,,727,,335,
3403300880,060,34,033,37980,428,99999,999,Alloway township,3467,1268,2774,995,3467,2774,3172,2516,176,191,15,15,31,12,0,0,21,11,52,29
3403310610,060,34,033,37980,428,99999,999,Carneys Point township,8049,3502,7684,3330,8049,7684,5963,6034,1361,1250,17,21,65,70,0,3,455,161,188,145
3403321240,060,34,033,37980,428,99999,999,Elmer borough,1395,577,1384,557,1395,1384,1312,1346,30,9,8,0,11,7,0,0,18,10,16,12
3403321330,060,34,033,37980,428,99999,999,Elsinboro township,1036,524,1092,530,1036,1092,964,1038,36,39,1,2,4,0,1,0,11,3,19,10
3403341640,060,34,033,37980,428,99999,999,Lower Alloways Creek township,1770,727,1851,730,1770,1851,1716,1784,24,40,5,2,3,12,0,0,2,3,20,10
3403343200,060,34,033,37980,428,99999,999,Mannington township,1806,592,1559,573,1806,1559,1311,1179,381,326,12,8,8,6,0,0,71,27,23,13
3403354810,060,34,033,37980,428,99999,999,Oldmans township,1773,699,1798,694,1773,1798,1551,1561,137,173,4,5,16,3,0,0,41,36,24,20
3403357750,060,34,033,37980,428,99999,999,Penns Grove borough,5147,2004,4886,2075,5147,4886,2153,2387,2047,1942,34,18,25,14,0,8,638,397,250,120
3403357870,060,34,033,37980,428,99999,999,Pennsville township,13409,5914,13194,5623,13409,13194,12696,12756,206,127,31,21,190,127,2,2,124,51,160,110
3403358530,060,34,033,37980,428,99999,999,Pilesgrove township,4016,1594,3923,1261,4016,3923,3647,3320,238,478,5,11,37,36,5,2,29,42,55,34
3403359130,060,34,033,37980,428,99999,999,Pittsgrove township,9393,3445,8893,3155,9393,8893,8282,7838,655,715,39,34,88,52,1,4,131,115,197,135
3403361470,060,34,033,37980,428,99999,999,Quinton township,2666,1099,2786,1133,2666,2786,2175,2286,344,403,15,30,10,9,0,0,32,20,90,38
3403365490,060,34,033,37980,428,99999,999,Salem city,5146,2633,5857,2863,5146,5857,1606,2194,3197,3325,21,35,20,14,0,0,95,81,207,208
3403375110,060,34,033,37980,428,99999,999,Upper Pittsgrove township,3505,1310,3468,1250,3505,3468,3326,3289,76,75,15,18,8,11,0,0,32,45,48,30
3403382720,060,34,033,37980,428,99999,999,Woodstown borough,3505,1529,3136,1389,3505,3136,2883,2667,401,405,18,6,41,23,1,0,45,8,116,27
3403504450,060,34,035,35620,408,99999,999,Bedminster township,8165,4349,8302,4467,8165,8302,7055,7476,168,145,2,9,709,532,1,2,84,69,146,69
3403505560,060,34,035,35620,408,99999,999,Bernards township,26652,10103,24575,9485,26652,24575,21809,21921,504,354,20,13,3679,1928,7,3,147,98,486,258
3403505590,060,34,035,35620,408,99999,999,Bernardsville borough,7707,2871,7345,2807,7707,7345,7043,6900,68,18,11,11,252,194,5,0,168,114,160,108
3403506790,060,34,035,35620,408,99999,999,Bound Brook borough,10402,3816,10155,3802,10402,10155,7253,8385,597,256,56,31,267,292,5,7,1818,880,406,304
3403507180,060,34,035,35620,408,99999,999,Branchburg township,14459,5419,14566,5405,14459,14566,12550,13174,326,284,22,15,1215,898,5,4,86,57,255,134
3403507720,060,34,035,35620,408,99999,999,Bridgewater township,44464,16657,42940,15879,44464,42940,33996,36527,1059,931,46,33,7927,4525,2,5,647,381,787,538
3403522890,060,34,035,35620,408,99999,999,Far Hills borough,919,418,859,386,919,859,876,825,6,7,0,1,17,18,0,0,5,0,15,8
3403524900,060,34,035,35620,408,99999,999,Franklin township,62300,24426,50903,19789,62300,50903,27887,28052,16539,13223,183,93,12450,6486,9,21,3183,1811,2049,1217
3403527510,060,34,035,35620,408,99999,999,Green Brook township,7203,2448,5654,1916,7203,5654,5297,5000,243,95,3,4,1456,452,3,2,81,40,120,61
3403531890,060,34,035,35620,408,99999,999,Hillsborough township,38303,14030,36634,12854,38303,36634,30109,31491,1757,1379,46,32,4743,2679,15,23,834,468,799,562
3403543620,060,34,035,35620,408,99999,999,Manville borough,10344,4277,10343,4296,10344,10343,8932,9928,281,47,10,7,206,136,0,3,672,118,243,104
3403546590,060,34,035,35620,408,99999,999,Millstone borough,418,167,410,173,418,410,400,400,5,4,0,0,7,4,0,0,4,0,2,2
3403547580,060,34,035,35620,408,99999,999,Montgomery township,22254,7902,17481,6130,22254,17481,15057,14781,633,361,19,15,5700,2011,2,2,298,80,545,231
3403553280,060,34,035,35620,408,99999,999,North Plainfield borough,21936,7848,21103,7393,21936,21103,12066,13307,4134,2824,63,59,1275,1064,12,17,3510,2887,876,945
3403557300,060,34,035,35620,408,99999,999,Peapack and Gladstone borough,2582,949,2433,871,2582,2433,2326,2298,105,76,3,2,50,30,1,0,45,17,52,10
3403561980,060,34,035,35620,408,99999,999,Raritan borough,6881,2847,6338,2644,6881,6338,5257,5561,144,59,11,5,983,518,1,10,316,104,169,81
3403564320,060,34,035,35620,408,99999,999,Rocky Hill borough,682,292,662,295,682,662,625,630,10,9,0,0,16,3,0,4,10,6,21,10
3403568460,060,34,035,35620,408,99999,999,Somerville borough,12098,4951,12423,4882,12098,12423,7941,8847,1470,1606,41,23,1375,913,9,3,767,634,495,397
3403568730,060,34,035,35620,408,99999,999,South Bound Brook borough,4563,1865,4492,1676,4563,4492,3066,3504,461,349,6,12,280,184,2,2,540,295,208,146
3403576940,060,34,035,35620,408,99999,999,Warren township,15311,5258,14259,4718,15311,14259,12392,12303,233,180,7,5,2307,1521,15,8,98,59,259,183
3403577600,060,34,035,35620,408,99999,999,Watchung borough,5801,2234,5613,2155,5801,5613,4671,4732,200,189,7,5,736,553,0,5,47,40,140,89
3403701330,060,34,037,35620,408,99999,999,Andover borough,606,263,658,273,606,658,556,610,7,15,2,5,13,15,0,1,16,8,12,4
3403701360,060,34,037,35620,408,99999,999,Andover township,6319,2181,6033,1968,6319,6033,5791,5698,213,112,11,5,164,139,0,2,46,36,94,41
3403707300,060,34,037,35620,408,99999,999,Branchville borough,841,386,845,377,841,845,811,832,3,1,3,3,9,3,0,0,4,1,11,5
3403709160,060,34,037,35620,408,99999,999,Byram township,8350,3207,8254,3078,8350,8254,7878,7905,123,80,10,5,179,116,1,5,52,53,107,90
3403724810,060,34,037,35620,408,99999,999,Frankford township,5565,2520,5420,2295,5565,5420,5359,5320,55,21,8,3,49,21,0,0,18,27,76,28
3403724930,060,34,037,35620,408,99999,999,Franklin borough,5045,2136,5160,1997,5045,5160,4649,4907,110,32,15,18,88,76,0,0,62,63,121,64
3403725140,060,34,037,35620,408,99999,999,Fredon township,3437,1289,2860,1019,3437,2860,3301,2779,18,15,4,7,58,24,0,0,21,16,35,19
3403727420,060,34,037,35620,408,99999,999,Green township,3601,1251,3220,1069,3601,3220,3413,3107,45,30,1,1,62,31,0,0,28,9,52,42
3403729220,060,34,037,35620,408,99999,999,Hamburg borough,3277,1476,3105,1233,3277,3105,2991,2892,66,23,8,9,67,71,0,0,59,52,86,58
3403729490,060,34,037,35620,408,99999,999,Hampton township,5196,2200,4943,2026,5196,4943,5011,4809,43,48,4,1,62,33,1,1,23,15,52,36
3403729850,060,34,037,35620,408,99999,999,Hardyston township,8213,3783,6171,2690,8213,6171,7527,5897,214,52,14,10,247,97,1,0,99,30,111,85
3403732910,060,34,037,35620,408,99999,999,Hopatcong borough,15147,6296,15888,6190,15147,15888,13794,14792,441,310,16,18,341,286,3,0,266,226,286,256
3403737440,060,34,037,35620,408,99999,999,Lafayette township,2538,919,2300,799,2538,2300,2422,2232,40,24,0,2,19,18,0,0,16,8,41,16
3403747430,060,34,037,35620,408,99999,999,Montague township,3847,1802,3412,1588,3847,3412,3552,3250,101,61,9,6,39,23,0,0,56,37,90,35
3403751930,060,34,037,35620,408,99999,999,Newton town,7997,3479,8244,3425,7997,8244,6801,7582,390,281,39,11,238,162,4,1,347,96,178,111
3403754660,060,34,037,35620,408,99999,999,Ogdensburg borough,2410,905,2638,903,2410,2638,2295,2573,8,4,1,1,44,19,4,0,24,7,34,34
3403765700,060,34,037,35620,408,99999,999,Sandyston township,1998,988,1825,907,1998,1825,1947,1786,8,7,2,3,11,8,0,2,6,1,24,18
3403769690,060,34,037,35620,408,99999,999,Sparta township,19722,7423,18080,6590,19722,18080,18569,17481,198,52,22,12,491,252,4,5,139,81,299,197
3403770380,060,34,037,35620,408,99999,999,Stanhope borough,3610,1472,3584,1419,3610,3584,3298,3353,57,48,3,2,84,55,0,3,95,50,73,73
3403770890,060,34,037,35620,408,99999,999,Stillwater township,4099,1930,4267,2030,4099,4267,3979,4180,27,7,2,9,29,20,1,0,8,10,53,41
3403771670,060,34,037,35620,408,99999,999,Sussex borough,2130,1005,2145,961,2130,2145,1939,2066,41,24,7,2,49,26,9,0,29,8,56,19
3403775740,060,34,037,35620,408,99999,999,Vernon township,23943,10958,24686,9994,23943,24686,22790,23837,332,188,40,22,186,173,8,7,263,195,324,264
3403776640,060,34,037,35620,408,99999,999,Walpack township,16,15,41,34,16,41,15,41,0,0,0,0,0,0,0,0,0,0,1,0
3403776790,060,34,037,35620,408,99999,999,Wantage township,11358,4173,10387,3663,11358,10387,10816,10086,137,67,13,6,113,70,0,1,106,43,173,114
3403905320,060,34,039,35620,408,99999,999,Berkeley Heights township,13183,4596,13407,4562,13183,13407,11290,12019,197,149,3,11,1375,1055,0,0,99,82,219,91
3403913150,060,34,039,35620,408,99999,999,Clark township,14756,5751,14597,5709,14756,14597,13766,13956,124,44,15,2,547,402,5,0,169,92,130,101
3403915640,060,34,039,35620,408,99999,999,Cranford township,22625,8816,22578,8560,22625,22578,20781,21156,592,583,18,9,643,485,4,5,234,151,353,189
3403921000,060,34,039,35620,408,99999,999,Elizabeth city,124969,45516,120568,42838,124969,120568,68292,67250,26343,24090,1036,580,2604,2830,52,55,20901,18702,5741,7061
3403922860,060,34,039,35620,408,99999,999,Fanwood borough,7318,2686,7174,2615,7318,7174,6200,6335,388,369,10,7,494,315,0,2,71,57,155,89
3403925800,060,34,039,35620,408,99999,999,Garwood borough,4226,1870,4153,1782,4226,4153,3940,3983,45,15,1,0,86,55,0,0,76,64,78,36
3403931980,060,34,039,35620,408,99999,999,Hillside township,21404,7536,21747,7388,21404,21747,7438,8705,11384,10122,47,50,585,751,7,17,1332,1144,611,958
3403936690,060,34,039,35620,408,99999,999,Kenilworth borough,7914,2924,7675,2926,7914,7675,6970,7007,230,184,11,19,304,221,2,0,262,138,135,106
3403940350,060,34,039,35620,408,99999,999,Linden city,40499,15872,39394,15567,40499,39394,23957,26031,10888,8981,118,56,1099,925,8,15,3066,1923,1363,1463
3403948510,060,34,039,35620,408,99999,999,Mountainside borough,6685,2558,6602,2478,6685,6602,6104,6278,132,62,0,6,330,185,0,4,28,18,91,49
3403951810,060,34,039,35620,408,99999,999,New Providence borough,12171,4537,11907,4485,12171,11907,10465,10689,155,105,12,4,1190,905,5,3,148,81,196,120
3403959190,060,34,039,35620,408,99999,999,Plainfield city,49808,16621,47829,16180,49808,47829,11724,10258,25006,29550,455,195,474,447,26,46,10024,5156,2099,2177
3403961530,060,34,039,35620,408,99999,999,Rahway city,27346,11300,26500,10381,27346,26500,14301,15950,8457,7173,84,42,1175,950,5,14,2288,1489,1036,882
3403964620,060,34,039,35620,408,99999,999,Roselle borough,21085,7939,21274,7870,21085,21274,6240,7570,11610,10917,65,67,471,577,5,15,2030,1291,664,837
3403964650,060,34,039,35620,408,99999,999,Roselle Park borough,13297,5231,13281,5258,13297,13281,9802,10740,783,322,20,14,1354,1214,2,2,1000,650,336,339
3403966060,060,34,039,35620,408,99999,999,Scotch Plains township,23510,8896,22732,8479,23510,22732,18203,17931,2605,2568,29,21,1799,1648,2,3,327,216,545,345
3403970020,060,34,039,35620,408,99999,999,Springfield township,15817,6736,14429,6204,15817,14429,13042,12946,989,537,10,3,1218,676,2,0,277,139,279,128
3403971430,060,34,039,35620,408,99999,999,Summit city,21457,8190,21131,8146,21457,21131,17926,18546,970,914,30,19,1368,941,3,3,610,360,550,348
3403974480,060,34,039,35620,408,99999,999,Union township,56642,20250,54405,20001,56642,54405,30464,36809,16417,10752,80,80,6003,4201,24,13,2297,1329,1357,1221
3403979040,060,34,039,35620,408,99999,999,Westfield town,30316,10950,29644,10819,30316,29644,26729,26675,984,1151,36,27,1718,1208,10,3,241,185,598,395
3403981650,060,34,039,35620,408,99999,999,Winfield township,1471,714,1514,697,1471,1514,1418,1468,14,5,0,3,2,2,1,1,16,10,20,25
3404100670,060,34,041,10900,999,99999,999,Allamuchy township,4323,2096,3877,1774,4323,3877,4040,3702,77,36,6,2,118,72,1,0,17,27,64,38
3404101030,060,34,041,10900,999,99999,999,Alpha borough,2369,1032,2482,1034,2369,2482,2206,2409,57,7,0,1,36,30,0,0,28,16,42,19
3404104990,060,34,041,10900,999,99999,999,Belvidere town,2681,1140,2771,1165,2681,2771,2574,2716,42,14,3,1,21,14,0,0,6,7,35,19
3404106160,060,34,041,10900,999,99999,999,Blairstown township,5967,2272,5747,2136,5967,5747,5730,5642,67,15,7,8,68,32,0,1,27,16,68,33
3404124960,060,34,041,10900,999,99999,999,Franklin township,3176,1219,2768,1019,3176,2768,2999,2686,47,23,4,2,74,24,0,0,6,3,46,30
3404125320,060,34,041,10900,999,99999,999,Frelinghuysen township,2230,826,2083,755,2230,2083,2168,2037,14,7,0,1,12,8,0,4,13,10,23,16
3404128260,060,34,041,10900,999,99999,999,Greenwich township,5712,1870,4365,1477,5712,4365,4822,4071,363,108,7,12,352,97,3,3,62,25,103,49
3404128710,060,34,041,10900,999,99999,999,Hackettstown town,9724,3755,10403,4347,9724,10403,8273,9389,239,227,23,13,483,303,5,6,505,208,196,257
3404129820,060,34,041,10900,999,99999,999,Hardwick township,1696,619,1464,530,1696,1464,1645,1421,16,9,0,1,11,6,0,0,12,13,12,14
3404130090,060,34,041,10900,999,99999,999,Harmony township,2667,1109,2729,1076,2667,2729,2621,2672,18,19,7,2,5,11,0,0,2,5,14,20
3404133060,060,34,041,10900,999,99999,999,Hope township,1952,809,1891,747,1952,1891,1878,1858,23,8,0,0,31,8,0,0,8,1,12,16
3404133930,060,34,041,10900,999,99999,999,Independence township,5662,2325,5603,2210,5662,5603,5290,5322,69,65,5,3,126,97,4,0,91,44,77,72
3404137320,060,34,041,10900,999,99999,999,Knowlton township,3055,1212,2977,1135,3055,2977,2935,2901,28,12,9,2,28,19,0,0,23,14,32,29
3404140110,060,34,041,10900,999,99999,999,Liberty township,2942,1151,2765,1088,2942,2765,2814,2693,30,10,6,3,44,16,0,0,13,15,35,28
3404141490,060,34,041,10900,999,99999,999,Lopatcong township,8014,3420,5765,2429,8014,5765,6990,5550,483,65,11,4,335,94,1,0,65,28,129,24
3404143320,060,34,041,10900,999,99999,999,Mansfield township,7725,3316,6653,2415,7725,6653,6700,6048,378,300,14,16,248,81,2,0,236,106,147,102
3404155530,060,34,041,10900,999,99999,999,Oxford township,2514,1033,2307,938,2514,2307,2388,2228,41,28,0,5,38,12,0,0,17,15,30,19
3404158350,060,34,041,10900,999,99999,999,Phillipsburg town,14950,6607,15166,6651,14950,15166,12475,13928,1120,527,26,18,228,126,8,2,586,306,507,259
3404159820,060,34,041,10900,999,99999,999,Pohatcong township,3339,1420,3416,1411,3339,3416,3180,3348,53,15,1,1,30,10,0,0,23,22,52,20
3404177270,060,34,041,10900,999,99999,999,Washington borough,6461,2897,6712,2876,6461,6712,5539,6138,388,261,6,8,221,97,5,1,143,108,159,99
3404177300,060,34,041,10900,999,99999,999,Washington township,6651,2493,6248,2174,6651,6248,6216,5997,166,107,16,4,127,59,0,0,43,31,83,50
3404180570,060,34,041,10900,999,99999,999,White township,4882,2304,4245,1770,4882,4245,4654,4090,99,51,4,8,37,26,1,2,38,14,49,54
