GEOID,SUMLEV,STATE,COUNTY,CBSA,CSA,NECTA,CNECTA,NAME,POP100,HU100,POP100.2000,HU100.2000,P001001,P001001.2000
3400100000,060,34,001,12100,999,99999,999,County subdivisions not defined,0,0,0,0,0,0
3400100100,060,34,001,12100,999,99999,999,Absecon city,8411,3365,7638,2902,8411,7638
3400102080,060,34,001,12100,999,99999,999,Atlantic City city,39558,20013,40517,20219,39558,40517
3400107810,060,34,001,12100,999,99999,999,Brigantine city,9450,9222,12594,9304,9450,12594
3400108680,060,34,001,12100,999,99999,999,Buena borough,4603,1855,3873,1553,4603,3873
3400108710,060,34,001,12100,999,99999,999,Buena Vista township,7570,3008,7436,2827,7570,7436
3400115160,060,34,001,12100,999,99999,999,Corbin City city,492,212,468,204,492,468
3400120290,060,34,001,12100,999,99999,999,Egg Harbor township,43323,16347,30726,12067,43323,30726
3400120350,060,34,001,12100,999,99999,999,Egg Harbor City city,4243,1736,4545,1770,4243,4545
3400121870,060,34,001,12100,999,99999,999,Estell Manor city,1735,673,1585,546,1735,1585
3400123940,060,34,001,12100,999,99999,999,Folsom borough,1885,717,1972,702,1885,1972
3400125560,060,34,001,12100,999,99999,999,Galloway township,37349,14132,31209,11406,37349,31209
3400129280,060,34,001,12100,999,99999,999,Hamilton township,26503,10196,20499,7567,26503,20499
3400129430,060,34,001,12100,999,99999,999,Hammonton town,14791,5715,12604,4843,14791,12604
3400140530,060,34,001,12100,999,99999,999,Linwood city,7092,2798,7172,2751,7092,7172
3400141370,060,34,001,12100,999,99999,999,Longport borough,895,1656,1054,1574,895,1054
3400143890,060,34,001,12100,999,99999,999,Margate City city,6354,7114,8193,7006,6354,8193
3400149410,060,34,001,12100,999,99999,999,Mullica township,6147,2360,5912,2176,6147,5912
3400152950,060,34,001,12100,999,99999,999,Northfield city,8624,3260,7725,2922,8624,7725
3400159640,060,34,001,12100,999,99999,999,Pleasantville city,20249,7219,19012,7042,20249,19012
3400160600,060,34,001,12100,999,99999,999,Port Republic city,1115,444,1037,389,1115,1037
3400168430,060,34,001,12100,999,99999,999,Somers Point city,10795,5556,11614,5402,10795,11614
3400175620,060,34,001,12100,999,99999,999,Ventnor City city,10650,7829,12910,8009,10650,12910
3400180330,060,34,001,12100,999,99999,999,Weymouth township,2715,1220,2257,909,2715,2257
3401309250,060,34,013,35620,408,99999,999,Caldwell borough,7822,3510,,,7822,
3400300700,060,34,003,35620,408,99999,999,Allendale borough,6505,2388,6699,2143,6505,6699
3400301090,060,34,003,35620,408,99999,999,Alpine borough,1849,670,2183,730,1849,2183
3400305170,060,34,003,35620,408,99999,999,Bergenfield borough,26764,9200,26247,9147,26764,26247
3400306490,060,34,003,35620,408,99999,999,Bogota borough,8187,2888,8249,2915,8187,8249
3400310480,060,34,003,35620,408,99999,999,Carlstadt borough,6127,2495,5917,2473,6127,5917
3400313570,060,34,003,35620,408,99999,999,Cliffside Park borough,23594,10665,23007,10375,23594,23007
3400313810,060,34,003,35620,408,99999,999,Closter borough,8373,2860,8383,2865,8373,8383
3400315820,060,34,003,35620,408,99999,999,Cresskill borough,8573,3114,7746,2702,8573,7746
3400317530,060,34,003,35620,408,99999,999,Demarest borough,4881,1659,4845,1634,4881,4845
3400318400,060,34,003,35620,408,99999,999,Dumont borough,17479,6542,17503,6465,17479,17503
3400319510,060,34,003,35620,408,99999,999,East Rutherford borough,8913,4018,8716,3771,8913,8716
3400320020,060,34,003,35620,408,99999,999,Edgewater borough,11513,6282,7677,4277,11513,7677
3400321300,060,34,003,35620,408,99999,999,Elmwood Park borough,19403,7385,18925,7242,19403,18925
3400321450,060,34,003,35620,408,99999,999,Emerson borough,7401,2552,7197,2398,7401,7197
3400321480,060,34,003,35620,408,99999,999,Englewood city,27147,10695,26203,9614,27147,26203
3400321510,060,34,003,35620,408,99999,999,Englewood Cliffs borough,5281,1924,5322,1889,5281,5322
3400322470,060,34,003,35620,408,99999,999,Fair Lawn borough,32457,12266,31637,12006,32457,31637
3400322560,060,34,003,35620,408,99999,999,Fairview borough,13835,5150,13255,4988,13835,13255
3400324420,060,34,003,35620,408,99999,999,Fort Lee borough,35345,17818,35461,17446,35345,35461
3400324990,060,34,003,35620,408,99999,999,Franklin Lakes borough,10590,3692,10422,3395,10590,10422
3400325770,060,34,003,35620,408,99999,999,Garfield city,30487,11788,29786,11698,30487,29786
3400326640,060,34,003,35620,408,99999,999,Glen Rock borough,11601,4016,11546,4024,11601,11546
3400328680,060,34,003,35620,408,99999,999,Hackensack city,43010,19375,42677,18945,43010,42677
3400330150,060,34,003,35620,408,99999,999,Harrington Park borough,4664,1624,4740,1583,4664,4740
3400330420,060,34,003,35620,408,99999,999,Hasbrouck Heights borough,11842,4627,11662,4617,11842,11662
3400330540,060,34,003,35620,408,99999,999,Haworth borough,3382,1136,3390,1146,3382,3390
3400331920,060,34,003,35620,408,99999,999,Hillsdale borough,10219,3567,10087,3547,10219,10087
3400372480,060,34,003,35620,408,99999,999,Teterboro borough,67,27,18,8,67,18
3400332310,060,34,003,35620,408,99999,999,Ho-Ho-Kus borough,4078,1462,4060,1465,4078,4060
3400340020,060,34,003,35620,408,99999,999,Leonia borough,8937,3428,8914,3343,8937,8914
3400340680,060,34,003,35620,408,99999,999,Little Ferry borough,10626,4439,10800,4449,10626,10800
3400341100,060,34,003,35620,408,99999,999,Lodi borough,24136,10127,23971,9908,24136,23971
3400342090,060,34,003,35620,408,99999,999,Lyndhurst township,20554,8787,19383,8103,20554,19383
3400342750,060,34,003,35620,408,99999,999,Mahwah township,25890,9868,24062,9577,25890,24062
3400344880,060,34,003,35620,408,99999,999,Maywood borough,9555,3769,9523,3777,9555,9523
3400346110,060,34,003,35620,408,99999,999,Midland Park borough,7128,2861,6947,2650,7128,6947
3400347610,060,34,003,35620,408,99999,999,Montvale borough,7844,2872,7034,2590,7844,7034
3400347700,060,34,003,35620,408,99999,999,Moonachie borough,2708,1053,2754,1074,2708,2754
3400351660,060,34,003,35620,408,99999,999,New Milford borough,16341,6362,16400,6437,16341,16400
3400352320,060,34,003,35620,408,99999,999,North Arlington borough,15392,6573,15181,6529,15392,15181
3400353430,060,34,003,35620,408,99999,999,Northvale borough,4640,1635,4460,1596,4640,4460
3400353610,060,34,003,35620,408,99999,999,Norwood borough,5711,2007,5751,1888,5711,5751
3400353850,060,34,003,35620,408,99999,999,Oakland borough,12754,4470,12466,4345,12754,12466
3400354870,060,34,003,35620,408,99999,999,Old Tappan borough,5750,1995,5482,1804,5750,5482
3400354990,060,34,003,35620,408,99999,999,Oradell borough,7978,2831,8047,2833,7978,8047
3400355770,060,34,003,35620,408,99999,999,Palisades Park borough,19622,7362,17073,6386,19622,17073
3400355950,060,34,003,35620,408,99999,999,Paramus borough,26342,8915,25737,8209,26342,25737
3400356130,060,34,003,35620,408,99999,999,Park Ridge borough,8645,3428,8708,3258,8645,8708
3400361680,060,34,003,35620,408,99999,999,Ramsey borough,14473,5550,14351,5400,14473,14351
3400362910,060,34,003,35620,408,99999,999,Ridgefield borough,11032,4145,10830,4120,11032,10830
3400362940,060,34,003,35620,408,99999,999,Ridgefield Park village,12729,5164,12873,5134,12729,12873
3400363000,060,34,003,35620,408,99999,999,Ridgewood village,24958,8743,24936,8802,24958,24936
3400363360,060,34,003,35620,408,99999,999,River Edge borough,11340,4261,10946,4210,11340,10946
3400363690,060,34,003,35620,408,99999,999,River Vale township,9659,3521,9449,3312,9659,9449
3400363990,060,34,003,35620,408,99999,999,Rochelle Park township,5530,2170,5528,2111,5530,5528
3400364170,060,34,003,35620,408,99999,999,Rockleigh borough,531,86,391,80,531,391
3400365280,060,34,003,35620,408,99999,999,Rutherford borough,18061,7278,18110,7214,18061,18110
3400365340,060,34,003,35620,408,99999,999,Saddle Brook township,13659,5485,13155,5161,13659,13155
3400365400,060,34,003,35620,408,99999,999,Saddle River borough,3152,1341,3201,1183,3152,3201
3400368970,060,34,003,35620,408,99999,999,South Hackensack township,2378,879,2249,830,2378,2249
3400372360,060,34,003,35620,408,99999,999,Teaneck township,39776,14024,39260,13719,39776,39260
3400372420,060,34,003,35620,408,99999,999,Tenafly borough,14488,4980,13806,4897,14488,13806
3400375140,060,34,003,35620,408,99999,999,Upper Saddle River borough,8208,2776,7741,2560,8208,7741
3400376400,060,34,003,35620,408,99999,999,Waldwick borough,9625,3537,9622,3495,9625,9622
3400376490,060,34,003,35620,408,99999,999,Wallington borough,11335,4946,11583,4906,11335,11583
3400377135,060,34,003,35620,408,99999,999,Washington township,9102,3341,8938,3245,9102,8938
3400380270,060,34,003,35620,408,99999,999,Westwood borough,10908,4636,10999,4610,10908,10999
3400382300,060,34,003,35620,408,99999,999,Woodcliff Lake borough,5730,1980,5745,1842,5730,5745
3400382570,060,34,003,35620,408,99999,999,Wood-Ridge borough,7626,3051,7644,3087,7626,7644
3400383050,060,34,003,35620,408,99999,999,Wyckoff township,16696,5827,16508,5638,16696,16508
3400900000,060,34,009,36140,999,99999,999,County subdivisions not defined,0,0,0,0,0,0
3400503370,060,34,005,37980,428,99999,999,Bass River township,1443,587,1510,602,1443,1510
3400505740,060,34,005,37980,428,99999,999,Beverly city,2577,1086,2661,1042,2577,2661
3400506670,060,34,005,37980,428,99999,999,Bordentown city,3924,2014,3969,1884,3924,3969
3400506700,060,34,005,37980,428,99999,999,Bordentown township,11367,4360,8380,3436,11367,8380
3400508920,060,34,005,37980,428,99999,999,Burlington city,9920,4223,9736,4181,9920,9736
3400508950,060,34,005,37980,428,99999,999,Burlington township,22594,8105,20294,7348,22594,20294
3400512670,060,34,005,37980,428,99999,999,Chesterfield township,7699,1601,5955,924,7699,5955
3400512940,060,34,005,37980,428,99999,999,Cinnaminson township,15569,5758,14595,5147,15569,14595
3400517080,060,34,005,37980,428,99999,999,Delanco township,4283,1853,3237,1285,4283,3237
3400517440,060,34,005,37980,428,99999,999,Delran township,16896,6442,15536,5936,16896,15536
3400518790,060,34,005,37980,428,99999,999,Eastampton township,6069,2380,6202,2312,6069,6202
3400520050,060,34,005,37980,428,99999,999,Edgewater Park township,8881,3926,7864,3301,8881,7864
3400522110,060,34,005,37980,428,99999,999,Evesham township,45538,18303,42275,16324,45538,42275
3400523250,060,34,005,37980,428,99999,999,Fieldsboro borough,540,221,522,204,540,522
3400523850,060,34,005,37980,428,99999,999,Florence township,12109,5053,10746,4391,12109,10746
3400529010,060,34,005,37980,428,99999,999,Hainesport township,6110,2305,4126,1555,6110,4126
3400542060,060,34,005,37980,428,99999,999,Lumberton township,12559,4719,10461,4080,12559,10461
3400543290,060,34,005,37980,428,99999,999,Mansfield township,8544,3529,5090,2122,8544,5090
3400543740,060,34,005,37980,428,99999,999,Maple Shade township,19131,9186,19079,9009,19131,19079
3400545120,060,34,005,37980,428,99999,999,Medford township,23033,8652,22253,8147,23033,22253
3400545210,060,34,005,37980,428,99999,999,Medford Lakes borough,4146,1543,4173,1555,4146,4173
3400547880,060,34,005,37980,428,99999,999,Moorestown township,20726,7862,19017,7211,20726,19017
3400548900,060,34,005,37980,428,99999,999,Mount Holly township,9536,3861,10728,4248,9536,10728
3400549020,060,34,005,37980,428,99999,999,Mount Laurel township,41864,18249,40221,17163,41864,40221
3400551510,060,34,005,37980,428,99999,999,New Hanover township,7385,613,9744,1381,7385,9744
3400553070,060,34,005,37980,428,99999,999,North Hanover township,7678,3370,7347,2670,7678,7347
3400555800,060,34,005,37980,428,99999,999,Palmyra borough,7398,3392,7091,3219,7398,7091
3400557480,060,34,005,37980,428,99999,999,Pemberton borough,1409,642,1210,513,1409,1210
3400557510,060,34,005,37980,428,99999,999,Pemberton township,27912,10749,28691,10778,27912,28691
3400563510,060,34,005,37980,428,99999,999,Riverside township,8079,3147,7911,3118,8079,7911
3400563660,060,34,005,37980,428,99999,999,Riverton borough,2779,1112,2759,1113,2779,2759
3400566810,060,34,005,37980,428,99999,999,Shamong township,6490,2227,6462,2175,6490,6462
3400568610,060,34,005,37980,428,99999,999,Southampton township,10464,5024,10388,4751,10464,10388
3400569990,060,34,005,37980,428,99999,999,Springfield township,3414,1217,3227,1138,3414,3227
3400572060,060,34,005,37980,428,99999,999,Tabernacle township,6949,2445,7170,2385,6949,7170
3400577150,060,34,005,37980,428,99999,999,Washington township,687,284,621,171,687,621
3400578200,060,34,005,37980,428,99999,999,Westampton township,8813,3291,7217,2581,8813,7217
3400581440,060,34,005,37980,428,99999,999,Willingboro township,31629,11442,33008,11124,31629,33008
3400582420,060,34,005,37980,428,99999,999,Woodland township,1788,494,1170,448,1788,1170
3400582960,060,34,005,37980,428,99999,999,Wrightstown borough,802,348,748,339,802,748
3400702200,060,34,007,37980,428,99999,999,Audubon borough,8819,3779,9182,3813,8819,9182
3400702230,060,34,007,37980,428,99999,999,Audubon Park borough,1023,499,1102,499,1023,1102
3400703250,060,34,007,37980,428,99999,999,Barrington borough,6983,3158,7084,3164,6983,7084
3400704750,060,34,007,37980,428,99999,999,Bellmawr borough,11583,4883,11262,4561,11583,11262
3400705440,060,34,007,37980,428,99999,999,Berlin borough,7588,2949,6149,2275,7588,6149
3400705470,060,34,007,37980,428,99999,999,Berlin township,5357,2069,5290,2009,5357,5290
3400708170,060,34,007,37980,428,99999,999,Brooklawn borough,1955,806,2354,1025,1955,2354
3400710000,060,34,007,37980,428,99999,999,Camden city,77344,28358,79904,29769,77344,79904
3400712280,060,34,007,37980,428,99999,999,Cherry Hill township,71045,28452,69965,27074,71045,69965
3400712550,060,34,007,37980,428,99999,999,Chesilhurst borough,1634,621,1520,535,1634,1520
3400713420,060,34,007,37980,428,99999,999,Clementon borough,5000,2235,4986,2206,5000,4986
3400714260,060,34,007,37980,428,99999,999,Collingswood borough,13926,6822,14326,6866,13926,14326
3400726070,060,34,007,37980,428,99999,999,Gibbsboro borough,2274,809,2435,847,2274,2435
3400726760,060,34,007,37980,428,99999,999,Gloucester township,64634,24711,64350,24257,64634,64350
3400726820,060,34,007,37980,428,99999,999,Gloucester City city,11456,4712,11484,4604,11456,11484
3400728740,060,34,007,37980,428,99999,999,Haddon township,14707,6477,14651,6423,14707,14651
3400728770,060,34,007,37980,428,99999,999,Haddonfield borough,11593,4634,11659,4620,11593,11659
3400728800,060,34,007,37980,428,99999,999,Haddon Heights borough,7473,3159,7547,3136,7473,7547
3400732220,060,34,007,37980,428,99999,999,Hi-Nella borough,870,420,1029,495,870,1029
3400758920,060,34,007,37980,428,99999,999,Pine Valley borough,12,22,20,21,12,20
3400739210,060,34,007,37980,428,99999,999,Laurel Springs borough,1908,771,1970,806,1908,1970
3400739420,060,34,007,37980,428,99999,999,Lawnside borough,2945,1174,2692,1110,2945,2692
3400740440,060,34,007,37980,428,99999,999,Lindenwold borough,17613,8251,17414,8244,17613,17414
3400742630,060,34,007,37980,428,99999,999,Magnolia borough,4341,1850,4409,1836,4341,4409
3400745510,060,34,007,37980,428,99999,999,Merchantville borough,3821,1688,3801,1607,3821,3801
3400748750,060,34,007,37980,428,99999,999,Mount Ephraim borough,4676,2010,4495,1881,4676,4495
3400753880,060,34,007,37980,428,99999,999,Oaklyn borough,4038,1847,4188,1893,4038,4188
3400757660,060,34,007,37980,428,99999,999,Pennsauken township,35885,13275,35737,12945,35885,35737
3400758770,060,34,007,37980,428,99999,999,Pine Hill borough,10233,4357,10880,4444,10233,10880
3400765160,060,34,007,37980,428,99999,999,Runnemede borough,8468,3548,8533,3510,8468,8533
3400768340,060,34,007,37980,428,99999,999,Somerdale borough,5151,2158,5192,2168,5151,5192
3400771220,060,34,007,37980,428,99999,999,Stratford borough,7040,2761,7271,2849,7040,7271
3400772240,060,34,007,37980,428,99999,999,Tavistock borough,5,3,24,7,5,24
3400776220,060,34,007,37980,428,99999,999,Voorhees township,29131,12260,28126,11084,29131,28126
3400777630,060,34,007,37980,428,99999,999,Waterford township,10649,3839,10494,3671,10649,10494
3400781740,060,34,007,37980,428,99999,999,Winslow township,39499,14560,34611,12413,39499,34611
3400782450,060,34,007,37980,428,99999,999,Woodlynne borough,2978,1016,2796,1012,2978,2796
3400902320,060,34,009,36140,999,99999,999,Avalon borough,1334,5434,2143,5281,1334,2143
3400910270,060,34,009,36140,999,99999,999,Cape May city,3607,4155,4034,4064,3607,4034
3400910330,060,34,009,36140,999,99999,999,Cape May Point borough,291,619,241,501,291,241
3400917560,060,34,009,36140,999,99999,999,Dennis township,6467,2672,6492,2327,6467,6492
3400941610,060,34,009,36140,999,99999,999,Lower township,22866,14507,22945,13924,22866,22945
3400945810,060,34,009,36140,999,99999,999,Middle township,18911,9296,16405,7510,18911,16405
3400953490,060,34,009,36140,999,99999,999,North Wildwood city,4041,8840,4935,7411,4041,4935
3400954360,060,34,009,36140,999,99999,999,Ocean City city,11701,20871,15378,20298,11701,15378
3400966390,060,34,009,36140,999,99999,999,Sea Isle City city,2114,6900,2835,6622,2114,2835
3400971010,060,34,009,36140,999,99999,999,Stone Harbor borough,866,3247,1128,3428,866,1128
3400974810,060,34,009,36140,999,99999,999,Upper township,12373,6341,12115,5472,12373,12115
3400978530,060,34,009,36140,999,99999,999,West Cape May borough,1024,1043,1095,1004,1024,1095
3400980210,060,34,009,36140,999,99999,999,West Wildwood borough,603,893,448,775,603,448
3400981170,060,34,009,36140,999,99999,999,Wildwood city,5325,6843,5436,6488,5325,5436
3400981200,060,34,009,36140,999,99999,999,Wildwood Crest borough,3270,5569,3980,4862,3270,3980
3400981890,060,34,009,36140,999,99999,999,Woodbine borough,2472,1079,2716,1080,2472,2716
3401100000,060,34,011,47220,428,99999,999,County subdivisions not defined,0,0,0,0,0,0
3401107600,060,34,011,47220,428,99999,999,Bridgeton city,25349,6782,22771,6795,25349,22771
3401114710,060,34,011,47220,428,99999,999,Commercial township,5178,2115,5259,2171,5178,5259
3401116900,060,34,011,47220,428,99999,999,Deerfield township,3119,1143,2927,1065,3119,2927
3401118220,060,34,011,47220,428,99999,999,Downe township,1585,996,1631,1134,1585,1631
3401122350,060,34,011,47220,428,99999,999,Fairfield township,6295,2058,6283,1915,6295,6283
3401128170,060,34,011,47220,428,99999,999,Greenwich township,804,369,847,361,804,847
3401133120,060,34,011,47220,428,99999,999,Hopewell township,4571,1741,4434,1683,4571,4434
3401139450,060,34,011,47220,428,99999,999,Lawrence township,3290,1221,2721,1023,3290,2721
3401144580,060,34,011,47220,428,99999,999,Maurice River township,7976,1506,6928,1461,7976,6928
3401146680,060,34,011,47220,428,99999,999,Millville city,28400,11435,26847,10652,28400,26847
3401167020,060,34,011,47220,428,99999,999,Shiloh borough,516,214,534,204,516,534
3401171160,060,34,011,47220,428,99999,999,Stow Creek township,1431,568,1429,560,1431,1429
3401174870,060,34,011,47220,428,99999,999,Upper Deerfield township,7660,3025,7556,2881,7660,7556
3401176070,060,34,011,47220,428,99999,999,Vineland city,60724,22661,56271,20958,60724,56271
3401304695,060,34,013,35620,408,99999,999,Belleville township,35926,14327,35928,14144,35926,35928
3401306260,060,34,013,35620,408,99999,999,Bloomfield township,47315,19470,47683,19508,47315,47683
3401311200,060,34,013,35620,408,99999,999,Cedar Grove township,12411,4661,12300,4470,12411,12300
3401313045,060,34,013,35620,408,99999,999,City of Orange township,30134,12222,32868,12665,30134,32868
3401319390,060,34,013,35620,408,99999,999,East Orange city,64270,28803,69824,28485,64270,69824
3401321840,060,34,013,35620,408,99999,999,Essex Fells borough,2113,758,2162,761,2113,2162
3401322385,060,34,013,35620,408,99999,999,Fairfield township,7466,2723,7063,2326,7466,7063
3401326610,060,34,013,35620,408,99999,999,Glen Ridge borough,7527,2541,7271,2490,7527,7271
3401334450,060,34,013,35620,408,99999,999,Irvington township,53926,23196,60695,24116,53926,60695
3401340890,060,34,013,35620,408,99999,999,Livingston township,29366,10284,27391,9457,29366,27391
3401343800,060,34,013,35620,408,99999,999,Maplewood township,23867,8608,23868,8615,23867,23868
3401346380,060,34,013,35620,408,99999,999,Millburn township,20149,7106,19765,7158,20149,19765
3401347500,060,34,013,35620,408,99999,999,Montclair township,37669,15911,38977,15531,37669,38977
3401351000,060,34,013,35620,408,99999,999,Newark city,277140,109520,273546,100141,277140,273546
3401352620,060,34,013,35620,408,99999,999,North Caldwell borough,6183,2134,7375,2108,6183,7375
3401353680,060,34,013,35620,408,99999,999,Nutley township,28370,11789,27362,11118,28370,27362
3401364590,060,34,013,35620,408,99999,999,Roseland borough,5819,2432,5298,2187,5819,5298
3401369274,060,34,013,35620,408,99999,999,South Orange Village township,16198,5815,16964,5671,16198,16964
3401375815,060,34,013,35620,408,99999,999,Verona township,13332,5523,13533,5719,13332,13533
3401378510,060,34,013,35620,408,99999,999,West Caldwell township,10759,4009,11233,4044,10759,11233
3401379800,060,34,013,35620,408,99999,999,West Orange township,46207,17612,44943,16901,46207,44943
3401513360,060,34,015,37980,428,99999,999,Clayton borough,8179,3128,7139,2680,8179,7139
3401517710,060,34,015,37980,428,99999,999,Deptford township,30561,12361,26763,10647,30561,26763
3401519180,060,34,015,37980,428,99999,999,East Greenwich township,9555,3405,5430,1971,9555,5430
3401521060,060,34,015,37980,428,99999,999,Elk township,4216,1576,3514,1347,4216,3514
3401524840,060,34,015,37980,428,99999,999,Franklin township,16820,6104,15466,5461,16820,15466
3401526340,060,34,015,37980,428,99999,999,Glassboro borough,18579,6590,19068,6555,18579,19068
3401528185,060,34,015,37980,428,99999,999,Greenwich township,4899,2048,4879,1944,4899,4879
3401530180,060,34,015,37980,428,99999,999,Harrison township,12417,4089,8788,2939,12417,8788
3401541160,060,34,015,37980,428,99999,999,Logan township,6042,2172,6032,2077,6042,6032
3401543440,060,34,015,37980,428,99999,999,Mantua township,15217,5980,14217,5411,15217,14217
3401547250,060,34,015,37980,428,99999,999,Monroe township,36129,13387,28967,11069,36129,28967
3401549680,060,34,015,37980,428,99999,999,National Park borough,3036,1153,3205,1165,3036,3205
3401551390,060,34,015,37980,428,99999,999,Newfield borough,1553,626,1616,620,1553,1616
3401557150,060,34,015,37980,428,99999,999,Paulsboro borough,6097,2533,6160,2628,6097,6160
3401559070,060,34,015,37980,428,99999,999,Pitman borough,9011,3705,9331,3653,9011,9331
3401569030,060,34,015,37980,428,99999,999,South Harrison township,3162,1056,2417,829,3162,2417
3401571850,060,34,015,37980,428,99999,999,Swedesboro borough,2584,1004,2055,860,2584,2055
3401577180,060,34,015,37980,428,99999,999,Washington township,48559,17810,47114,16020,48559,47114
3401578110,060,34,015,37980,428,99999,999,Wenonah borough,2278,860,2317,860,2278,2317
3401578800,060,34,015,37980,428,99999,999,West Deptford township,21677,9441,19368,7999,21677,19368
3401580120,060,34,015,37980,428,99999,999,Westville borough,4288,1912,4500,1938,4288,4500
3401582120,060,34,015,37980,428,99999,999,Woodbury city,10174,4456,10307,4310,10174,10307
3401582180,060,34,015,37980,428,99999,999,Woodbury Heights borough,3055,1125,2988,1045,3055,2988
3401582840,060,34,015,37980,428,99999,999,Woolwich township,10200,3275,3032,1026,10200,3032
3401703580,060,34,017,35620,408,99999,999,Bayonne city,63024,27799,61842,26826,63024,61842
3401719360,060,34,017,35620,408,99999,999,East Newark borough,2406,794,2377,799,2406,2377
3401728650,060,34,017,35620,408,99999,999,Guttenberg town,11176,4839,10807,4650,11176,10807
3401730210,060,34,017,35620,408,99999,999,Harrison town,13620,5228,14424,5254,13620,14424
3401732250,060,34,017,35620,408,99999,999,Hoboken city,50005,26855,38577,19915,50005,38577
3401736000,060,34,017,35620,408,99999,999,Jersey City city,247597,108720,240055,93648,247597,240055
3401736510,060,34,017,35620,408,99999,999,Kearny town,40684,14180,40513,13872,40684,40513
3401752470,060,34,017,35620,408,99999,999,North Bergen township,60773,23912,58092,22009,60773,58092
3401766570,060,34,017,35620,408,99999,999,Secaucus town,16264,6846,15931,6385,16264,15931
3401774630,060,34,017,35620,408,99999,999,Union City city,66455,24931,67088,23741,66455,67088
3401777930,060,34,017,35620,408,99999,999,Weehawken township,12554,6213,13501,6159,12554,13501
3401779610,060,34,017,35620,408,99999,999,West New York town,49708,20018,45768,17360,49708,45768
3401900550,060,34,019,35620,408,99999,999,Alexandria township,4938,1865,4698,1598,4938,4698
3401905650,060,34,019,35620,408,99999,999,Bethlehem township,3979,1386,3820,1303,3979,3820
3401906370,060,34,019,35620,408,99999,999,Bloomsbury borough,870,358,886,342,870,886
3401909280,060,34,019,35620,408,99999,999,Califon borough,1076,419,1055,410,1076,1055
3401913720,060,34,019,35620,408,99999,999,Clinton town,2719,1098,2632,1095,2719,2632
3401913750,060,34,019,35620,408,99999,999,Clinton township,13478,4737,12957,4234,13478,12957
3401917170,060,34,019,35620,408,99999,999,Delaware township,4563,1927,4478,1701,4563,4478
3401918820,060,34,019,35620,408,99999,999,East Amwell township,4013,1580,4455,1624,4013,4455
3401923700,060,34,019,35620,408,99999,999,Flemington borough,4581,1926,4200,1876,4581,4200
3401924870,060,34,019,35620,408,99999,999,Franklin township,3195,1204,2990,1125,3195,2990
3401925350,060,34,019,35620,408,99999,999,Frenchtown borough,1373,656,1488,630,1373,1488
3401926550,060,34,019,35620,408,99999,999,Glen Gardner borough,1704,825,1902,829,1704,1902
3401929460,060,34,019,35620,408,99999,999,Hampton borough,1401,612,1546,574,1401,1546
3401931320,060,34,019,35620,408,99999,999,High Bridge borough,3648,1481,3776,1478,3648,3776
3401932460,060,34,019,35620,408,99999,999,Holland township,5291,2066,5124,1942,5291,5124
3401937065,060,34,019,35620,408,99999,999,Kingwood township,3845,1569,3782,1422,3845,3782
3401938610,060,34,019,35620,408,99999,999,Lambertville city,3906,2075,3868,1961,3906,3868
3401939630,060,34,019,35620,408,99999,999,Lebanon borough,1358,664,1065,477,1358,1065
3401939660,060,34,019,35620,408,99999,999,Lebanon township,6588,2439,5816,2020,6588,5816
3401946260,060,34,019,35620,408,99999,999,Milford borough,1233,552,1195,484,1233,1195
3401961920,060,34,019,35620,408,99999,999,Raritan township,22185,8288,19809,7094,22185,19809
3401962250,060,34,019,35620,408,99999,999,Readington township,16126,6191,15803,5794,16126,15803
3401970980,060,34,019,35620,408,99999,999,Stockton borough,538,259,560,258,538,560
3401972510,060,34,019,35620,408,99999,999,Tewksbury township,5993,2323,5541,2052,5993,5541
3401974420,060,34,019,35620,408,99999,999,Union township,5908,1830,6160,1725,5908,6160
3401978230,060,34,019,35620,408,99999,999,West Amwell township,3840,1157,2383,984,3840,2383
3402119780,060,34,021,45940,408,99999,999,East Windsor township,27190,10851,24919,9880,27190,24919
3402122185,060,34,021,45940,408,99999,999,Ewing township,35790,13926,35707,12924,35790,35707
3402129310,060,34,021,45940,408,99999,999,Hamilton township,88464,36170,87109,34535,88464,87109
3402131620,060,34,021,45940,408,99999,999,Hightstown borough,5494,2108,5216,2081,5494,5216
3402133150,060,34,021,45940,408,99999,999,Hopewell borough,1922,817,2035,836,1922,2035
3402133180,060,34,021,45940,408,99999,999,Hopewell township,17304,6551,16105,5629,17304,16105
3402139510,060,34,021,45940,408,99999,999,Lawrence township,33472,13239,29159,11180,33472,29159
3402157600,060,34,021,45940,408,99999,999,Pennington borough,2585,1083,2696,1040,2585,2696
3402160900,060,34,021,45940,408,99999,999,Princeton borough,12307,3488,14203,3495,12307,14203
3402160915,060,34,021,45940,408,99999,999,Princeton township,16265,6814,16027,6224,16265,16027
3402163850,060,34,021,45940,408,99999,999,Robbinsville township,13642,5277,,,13642,
3402174000,060,34,021,45940,408,99999,999,Trenton city,84913,33035,85403,33843,84913,85403
3402180240,060,34,021,45940,408,99999,999,West Windsor township,27165,9810,21907,7450,27165,21907
3402310750,060,34,023,35620,408,99999,999,Carteret borough,22844,8148,20709,7320,22844,20709
3402315550,060,34,023,35620,408,99999,999,Cranbury township,3857,1371,3227,1121,3857,3227
3402318490,060,34,023,35620,408,99999,999,Dunellen borough,7227,2683,6823,2520,7227,6823
3402319000,060,34,023,35620,408,99999,999,East Brunswick township,47512,17367,46756,16640,47512,46756
3402320230,060,34,023,35620,408,99999,999,Edison township,99967,36302,97687,36018,99967,97687
3402330840,060,34,023,35620,408,99999,999,Helmetta borough,2178,920,1825,769,2178,1825
3402331470,060,34,023,35620,408,99999,999,Highland Park borough,13982,6203,13999,6071,13982,13999
3402334890,060,34,023,35620,408,99999,999,Jamesburg borough,5915,2267,6025,2240,5915,6025
3402345690,060,34,023,35620,408,99999,999,Metuchen borough,13574,5440,12840,5104,13574,12840
3402345900,060,34,023,35620,408,99999,999,Middlesex borough,13635,5148,13717,5130,13635,13717
3402346620,060,34,023,35620,408,99999,999,Milltown borough,6893,2698,7000,2670,6893,7000
3402347280,060,34,023,35620,408,99999,999,Monroe township,39132,18002,27999,13259,39132,27999
3402351210,060,34,023,35620,408,99999,999,New Brunswick city,55181,15053,48573,13893,55181,48573
3402352560,060,34,023,35620,408,99999,999,North Brunswick township,40742,15045,36287,13932,40742,36287
3402354705,060,34,023,35620,408,99999,999,Old Bridge township,65375,24638,60456,21896,65375,60456
3402358200,060,34,023,35620,408,99999,999,Perth Amboy city,50814,16556,47303,15236,50814,47303
3402359010,060,34,023,35620,408,99999,999,Piscataway township,56044,17777,50482,16946,56044,50482
3402359280,060,34,023,35620,408,99999,999,Plainsboro township,22999,10089,20215,9133,22999,20215
3402365790,060,34,023,35620,408,99999,999,Sayreville borough,42704,16393,40377,15235,42704,40377
3402368550,060,34,023,35620,408,99999,999,South Amboy city,8631,3576,7913,3110,8631,7913
3402368790,060,34,023,35620,408,99999,999,South Brunswick township,43417,15708,37734,13862,43417,37734
3402369390,060,34,023,35620,408,99999,999,South Plainfield borough,23385,8093,21810,7307,23385,21810
3402369420,060,34,023,35620,408,99999,999,South River borough,16008,5957,15322,5769,16008,15322
3402369810,060,34,023,35620,408,99999,999,Spotswood borough,8257,3242,7880,3158,8257,7880
3402382000,060,34,023,35620,408,99999,999,Woodbridge township,99585,36124,97203,35298,99585,97203
3402500000,060,34,025,35620,408,99999,999,County subdivisions not defined,0,0,0,0,0,0
3402500070,060,34,025,35620,408,99999,999,Aberdeen township,18210,7102,17454,6558,18210,17454
3402500730,060,34,025,35620,408,99999,999,Allenhurst borough,496,365,718,370,496,718
3402500760,060,34,025,35620,408,99999,999,Allentown borough,1828,735,1882,718,1828,1882
3402501960,060,34,025,35620,408,99999,999,Asbury Park city,16116,8076,16930,7744,16116,16930
3402502110,060,34,025,35620,408,99999,999,Atlantic Highlands borough,4385,2002,4705,2056,4385,4705
3402502440,060,34,025,35620,408,99999,999,Avon-by-the-Sea borough,1901,1321,2244,1387,1901,2244
3402504930,060,34,025,35620,408,99999,999,Belmar borough,5794,3931,6045,3996,5794,6045
3402506970,060,34,025,35620,408,99999,999,Bradley Beach borough,4298,3180,4793,3132,4298,4793
3402507750,060,34,025,35620,408,99999,999,Brielle borough,4774,2034,4893,2123,4774,4893
3402514560,060,34,025,35620,408,99999,999,Colts Neck township,10142,3735,12331,3614,10142,12331
3402516660,060,34,025,35620,408,99999,999,Deal borough,750,926,1070,953,750,1070
3402519840,060,34,025,35620,408,99999,999,Eatontown borough,12709,5723,14008,6341,12709,14008
3402521570,060,34,025,35620,408,99999,999,Englishtown borough,1847,647,1764,680,1847,1764
3402522440,060,34,025,35620,408,99999,999,Fair Haven borough,6121,2065,5937,2037,6121,5937
3402522950,060,34,025,35620,408,99999,999,Farmingdale borough,1329,578,1587,638,1329,1587
3402525200,060,34,025,35620,408,99999,999,Freehold borough,12052,4249,10976,3821,12052,10976
3402525230,060,34,025,35620,408,99999,999,Freehold township,36184,13140,31537,11032,36184,31537
3402530690,060,34,025,35620,408,99999,999,Hazlet township,20334,7417,21378,7406,20334,21378
3402531500,060,34,025,35620,408,99999,999,Highlands borough,5005,3146,5097,2820,5005,5097
3402532640,060,34,025,35620,408,99999,999,Holmdel township,16773,5792,15781,5137,16773,15781
3402533300,060,34,025,35620,408,99999,999,Howell township,51075,17979,48903,16572,51075,48903
3402534200,060,34,025,35620,408,99999,999,Interlaken borough,820,393,900,397,820,900
3402536480,060,34,025,35620,408,99999,999,Keansburg borough,10105,4318,10732,4269,10105,10732
3402536810,060,34,025,35620,408,99999,999,Keyport borough,7240,3272,7568,3400,7240,7568
3402537560,060,34,025,35620,408,99999,999,Lake Como borough,1759,1115,,,1759,
3402540770,060,34,025,35620,408,99999,999,Little Silver borough,5950,2278,6170,2288,5950,6170
3402541010,060,34,025,35620,408,99999,999,Loch Arbour village,194,159,280,156,194,280
3402541310,060,34,025,35620,408,99999,999,Long Branch city,30719,14170,31340,13983,30719,31340
3402542990,060,34,025,35620,408,99999,999,Manalapan township,38872,13735,33423,11066,38872,33423
3402543050,060,34,025,35620,408,99999,999,Manasquan borough,5897,3500,6310,3531,5897,6310
3402544070,060,34,025,35620,408,99999,999,Marlboro township,40191,13436,36398,11896,40191,36398
3402544520,060,34,025,35620,408,99999,999,Matawan borough,8810,3606,8910,3640,8810,8910
3402545990,060,34,025,35620,408,99999,999,Middletown township,66522,24959,66327,23841,66522,66327
3402546560,060,34,025,35620,408,99999,999,Millstone township,10566,3434,8970,2797,10566,8970
3402547130,060,34,025,35620,408,99999,999,Monmouth Beach borough,3279,1981,3595,1969,3279,3595
3402549890,060,34,025,35620,408,99999,999,Neptune township,27935,12991,27690,12217,27935,27690
3402549920,060,34,025,35620,408,99999,999,Neptune City borough,4869,2312,5218,2342,4869,5218
3402554270,060,34,025,35620,408,99999,999,Ocean township,27291,11541,26959,10756,27291,26959
3402554570,060,34,025,35620,408,99999,999,Oceanport borough,5832,2390,5807,2114,5832,5807
3402562430,060,34,025,35620,408,99999,999,Red Bank borough,12206,5381,11844,5450,12206,11844
3402564410,060,34,025,35620,408,99999,999,Roosevelt borough,882,327,933,351,882,933
3402565130,060,34,025,35620,408,99999,999,Rumson borough,7122,2585,7137,2610,7122,7137
3402566240,060,34,025,35620,408,99999,999,Sea Bright borough,1412,1211,1818,1202,1412,1818
3402566330,060,34,025,35620,408,99999,999,Sea Girt borough,1828,1291,2148,1285,1828,2148
3402567350,060,34,025,35620,408,99999,999,Shrewsbury borough,3809,1310,3590,1223,3809,3590
3402567365,060,34,025,35620,408,99999,999,Shrewsbury township,1141,648,1098,546,1141,1098
3402570110,060,34,025,35620,408,99999,999,Spring Lake borough,2993,2048,3567,1930,2993,3567
3402570140,060,34,025,35620,408,99999,999,Spring Lake Heights borough,4713,2972,5227,2950,4713,5227
3402573020,060,34,025,35620,408,99999,999,Tinton Falls borough,17892,8766,15053,6211,17892,15053
3402574540,060,34,025,35620,408,99999,999,Union Beach borough,6245,2269,6649,2229,6245,6649
3402574900,060,34,025,35620,408,99999,999,Upper Freehold township,6902,2458,4282,1501,6902,4282
3402576460,060,34,025,35620,408,99999,999,Wall township,26164,10883,25261,9957,26164,25261
3402579310,060,34,025,35620,408,99999,999,West Long Branch borough,8097,2528,8258,2535,8097,8258
3402706610,060,34,027,35620,408,99999,999,Boonton town,8347,3398,8496,3352,8347,8496
3402706640,060,34,027,35620,408,99999,999,Boonton township,4263,1647,4287,1510,4263,4287
3402709040,060,34,027,35620,408,99999,999,Butler borough,7539,3169,7420,2923,7539,7420
3402712100,060,34,027,35620,408,99999,999,Chatham borough,8962,3210,8460,3232,8962,8460
3402712130,060,34,027,35620,408,99999,999,Chatham township,10452,4128,10086,4019,10452,10086
3402712580,060,34,027,35620,408,99999,999,Chester borough,1649,647,1635,627,1649,1635
3402712610,060,34,027,35620,408,99999,999,Chester township,7838,2697,7282,2377,7838,7282
3402717650,060,34,027,35620,408,99999,999,Denville township,16635,6734,15824,6178,16635,15824
3402718070,060,34,027,35620,408,99999,999,Dover town,18157,5783,18188,5568,18157,18188
3402719210,060,34,027,35620,408,99999,999,East Hanover township,11157,3976,11393,3895,11157,11393
3402723910,060,34,027,35620,408,99999,999,Florham Park borough,11696,4201,8857,3342,11696,8857
3402729550,060,34,027,35620,408,99999,999,Hanover township,13712,5526,12898,4818,13712,12898
3402729700,060,34,027,35620,408,99999,999,Harding township,3838,1610,3180,1243,3838,3180
3402734980,060,34,027,35620,408,99999,999,Jefferson township,21314,8597,19717,7527,21314,19717
3402737110,060,34,027,35620,408,99999,999,Kinnelon borough,10248,3600,9365,3123,10248,9365
3402740290,060,34,027,35620,408,99999,999,Lincoln Park borough,10521,4145,10930,4110,10521,10930
3402741362,060,34,027,35620,408,99999,999,Long Hill township,8702,3226,8777,3206,8702,8777
3402742510,060,34,027,35620,408,99999,999,Madison borough,15845,5775,16530,5641,15845,16530
3402745330,060,34,027,35620,408,99999,999,Mendham borough,4981,1798,5097,1828,4981,5097
3402745360,060,34,027,35620,408,99999,999,Mendham township,5869,2062,5400,1849,5869,5400
3402746860,060,34,027,35620,408,99999,999,Mine Hill township,3651,1380,3679,1388,3651,3679
3402747670,060,34,027,35620,408,99999,999,Montville township,21528,7823,20839,7541,21528,20839
3402748090,060,34,027,35620,408,99999,999,Morris township,22306,8502,21796,8298,22306,21796
3402748210,060,34,027,35620,408,99999,999,Morris Plains borough,5532,2197,5236,1994,5532,5236
3402748300,060,34,027,35620,408,99999,999,Morristown town,18411,8172,18544,7615,18411,18544
3402748480,060,34,027,35620,408,99999,999,Mountain Lakes borough,4160,1363,4256,1357,4160,4256
3402748690,060,34,027,35620,408,99999,999,Mount Arlington borough,5050,2545,4663,2039,5050,4663
3402749080,060,34,027,35620,408,99999,999,Mount Olive township,28117,11244,24193,9311,28117,24193
3402750130,060,34,027,35620,408,99999,999,Netcong borough,3232,1449,2580,1043,3232,2580
3402756460,060,34,027,35620,408,99999,999,Parsippany-Troy Hills township,53238,21274,50649,20066,53238,50649
3402758110,060,34,027,35620,408,99999,999,Pequannock township,15540,6794,13888,5097,15540,13888
3402761890,060,34,027,35620,408,99999,999,Randolph township,25734,9343,24847,8903,25734,24847
3402763300,060,34,027,35620,408,99999,999,Riverdale borough,3559,1657,2498,940,3559,2498
3402764050,060,34,027,35620,408,99999,999,Rockaway borough,6438,2521,6473,2491,6438,6473
3402764080,060,34,027,35620,408,99999,999,Rockaway township,24156,9587,22930,8506,24156,22930
3402764980,060,34,027,35620,408,99999,999,Roxbury township,23324,8582,23883,8550,23324,23883
3402775890,060,34,027,35620,408,99999,999,Victory Gardens borough,1520,566,1546,588,1520,1546
3402777240,060,34,027,35620,408,99999,999,Washington township,18533,6488,17592,5890,18533,17592
3402780390,060,34,027,35620,408,99999,999,Wharton borough,6522,2426,6298,2394,6522,6298
3402900000,060,34,029,35620,408,99999,999,County subdivisions not defined,0,0,0,0,0,0
3402903050,060,34,029,35620,408,99999,999,Barnegat township,20936,9085,15270,6066,20936,15270
3402903130,060,34,029,35620,408,99999,999,Barnegat Light borough,574,1282,764,1207,574,764
3402903520,060,34,029,35620,408,99999,999,Bay Head borough,968,1023,1238,1053,968,1238
3402903940,060,34,029,35620,408,99999,999,Beach Haven borough,1170,2667,1278,2555,1170,1278
3402904180,060,34,029,35620,408,99999,999,Beachwood borough,11045,3826,10375,3623,11045,10375
3402905305,060,34,029,35620,408,99999,999,Berkeley township,41255,23818,39991,22288,41255,39991
3402907420,060,34,029,35620,408,99999,999,Brick township,75072,33677,76119,32689,75072,76119
3402918670,060,34,029,35620,408,99999,999,Eagleswood township,1603,760,1441,693,1603,1441
3402930390,060,34,029,35620,408,99999,999,Harvey Cedars borough,337,1214,359,1205,337,359
3402934530,060,34,029,35620,408,99999,999,Island Heights borough,1673,831,1751,807,1673,1751
3402934680,060,34,029,35620,408,99999,999,Jackson township,54856,20342,42816,14640,54856,42816
3402937380,060,34,029,35620,408,99999,999,Lacey township,27644,11573,25346,10580,27644,25346
3402937770,060,34,029,35620,408,99999,999,Lakehurst borough,2654,943,2522,961,2654,2522
3402938550,060,34,029,35620,408,99999,999,Lakewood township,92843,26337,60352,21214,92843,60352
3402939390,060,34,029,35620,408,99999,999,Lavallette borough,1875,3207,2665,3210,1875,2665
3402940560,060,34,029,35620,408,99999,999,Little Egg Harbor township,20065,10324,15945,7931,20065,15945
3402941250,060,34,029,35620,408,99999,999,Long Beach township,3051,9216,3329,9023,3051,3329
3402943140,060,34,029,35620,408,99999,999,Manchester township,43070,25886,38928,22681,43070,38928
3402943380,060,34,029,35620,408,99999,999,Mantoloking borough,296,535,423,522,296,423
3402954300,060,34,029,35620,408,99999,999,Ocean township,8332,4291,6450,2981,8332,6450
3402954450,060,34,029,35620,408,99999,999,Ocean Gate borough,2011,1203,2076,1152,2011,2076
3402958590,060,34,029,35620,408,99999,999,Pine Beach borough,2127,903,1950,872,2127,1950
3402959790,060,34,029,35620,408,99999,999,Plumsted township,8421,3067,7275,2628,8421,7275
3402959880,060,34,029,35620,408,99999,999,Point Pleasant borough,18392,8331,19306,8350,18392,19306
3402959910,060,34,029,35620,408,99999,999,Point Pleasant Beach borough,4665,3373,5314,3558,4665,5314
3402966450,060,34,029,35620,408,99999,999,Seaside Heights borough,2887,3003,3155,2840,2887,3155
3402966480,060,34,029,35620,408,99999,999,Seaside Park borough,1579,2703,2263,2811,1579,2263
3402967110,060,34,029,35620,408,99999,999,Ship Bottom borough,1156,2066,1384,2218,1156,1384
3402969510,060,34,029,35620,408,99999,999,South Toms River borough,3684,1160,3634,1123,3684,3634
3402970320,060,34,029,35620,408,99999,999,Stafford township,26535,13604,22532,11522,26535,22532
3402971640,060,34,029,35620,408,99999,999,Surf City borough,1205,2566,1442,2621,1205,1442
3402973125,060,34,029,35620,408,99999,999,Toms River township,91239,43334,,,91239,
3402974210,060,34,029,35620,408,99999,999,Tuckerton borough,3347,1902,3517,1971,3347,3517
3403106340,060,34,031,35620,408,99999,999,Bloomingdale borough,7656,3089,7610,2940,7656,7610
3403113690,060,34,031,35620,408,99999,999,Clifton city,84136,31946,78672,31060,84136,78672
3403129070,060,34,031,35620,408,99999,999,Haledon borough,8318,2932,8252,2906,8318,8252
3403130570,060,34,031,35620,408,99999,999,Hawthorne borough,18791,7756,18218,7419,18791,18218
3403140620,060,34,031,35620,408,99999,999,Little Falls township,14432,4925,10855,4797,14432,10855
3403153040,060,34,031,35620,408,99999,999,North Haledon borough,8417,3213,7920,2675,8417,7920
3403156550,060,34,031,35620,408,99999,999,Passaic city,69781,20432,67861,20194,69781,67861
3403157000,060,34,031,35620,408,99999,999,Paterson city,146199,47946,149222,47169,146199,149222
3403160090,060,34,031,35620,408,99999,999,Pompton Lakes borough,11097,4341,10640,4024,11097,10640
3403161170,060,34,031,35620,408,99999,999,Prospect Park borough,5865,1931,5779,1889,5865,5779
3403163150,060,34,031,35620,408,99999,999,Ringwood borough,12228,4331,12396,4221,12228,12396
3403173140,060,34,031,35620,408,99999,999,Totowa borough,10804,3918,9892,3630,10804,9892
3403176730,060,34,031,35620,408,99999,999,Wanaque borough,11116,4184,10266,3500,11116,10266
3403177840,060,34,031,35620,408,99999,999,Wayne township,54717,19768,54069,19218,54717,54069
3403179460,060,34,031,35620,408,99999,999,West Milford township,25850,10419,26410,9909,25850,26410
3403182423,060,34,031,35620,408,99999,999,Woodland Park borough,11819,4835,,,11819,
3403300880,060,34,033,37980,428,99999,999,Alloway township,3467,1268,2774,995,3467,2774
3403310610,060,34,033,37980,428,99999,999,Carneys Point township,8049,3502,7684,3330,8049,7684
3403321240,060,34,033,37980,428,99999,999,Elmer borough,1395,577,1384,557,1395,1384
3403321330,060,34,033,37980,428,99999,999,Elsinboro township,1036,524,1092,530,1036,1092
3403341640,060,34,033,37980,428,99999,999,Lower Alloways Creek township,1770,727,1851,730,1770,1851
3403343200,060,34,033,37980,428,99999,999,Mannington township,1806,592,1559,573,1806,1559
3403354810,060,34,033,37980,428,99999,999,Oldmans township,1773,699,1798,694,1773,1798
3403357750,060,34,033,37980,428,99999,999,Penns Grove borough,5147,2004,4886,2075,5147,4886
3403357870,060,34,033,37980,428,99999,999,Pennsville township,13409,5914,13194,5623,13409,13194
3403358530,060,34,033,37980,428,99999,999,Pilesgrove township,4016,1594,3923,1261,4016,3923
3403359130,060,34,033,37980,428,99999,999,Pittsgrove township,9393,3445,8893,3155,9393,8893
3403361470,060,34,033,37980,428,99999,999,Quinton township,2666,1099,2786,1133,2666,2786
3403365490,060,34,033,37980,428,99999,999,Salem city,5146,2633,5857,2863,5146,5857
3403375110,060,34,033,37980,428,99999,999,Upper Pittsgrove township,3505,1310,3468,1250,3505,3468
3403382720,060,34,033,37980,428,99999,999,Woodstown borough,3505,1529,3136,1389,3505,3136
3403504450,060,34,035,35620,408,99999,999,Bedminster township,8165,4349,8302,4467,8165,8302
3403505560,060,34,035,35620,408,99999,999,Bernards township,26652,10103,24575,9485,26652,24575
3403505590,060,34,035,35620,408,99999,999,Bernardsville borough,7707,2871,7345,2807,7707,7345
3403506790,060,34,035,35620,408,99999,999,Bound Brook borough,10402,3816,10155,3802,10402,10155
3403507180,060,34,035,35620,408,99999,999,Branchburg township,14459,5419,14566,5405,14459,14566
3403507720,060,34,035,35620,408,99999,999,Bridgewater township,44464,16657,42940,15879,44464,42940
3403522890,060,34,035,35620,408,99999,999,Far Hills borough,919,418,859,386,919,859
3403524900,060,34,035,35620,408,99999,999,Franklin township,62300,24426,50903,19789,62300,50903
3403527510,060,34,035,35620,408,99999,999,Green Brook township,7203,2448,5654,1916,7203,5654
3403531890,060,34,035,35620,408,99999,999,Hillsborough township,38303,14030,36634,12854,38303,36634
3403543620,060,34,035,35620,408,99999,999,Manville borough,10344,4277,10343,4296,10344,10343
3403546590,060,34,035,35620,408,99999,999,Millstone borough,418,167,410,173,418,410
3403547580,060,34,035,35620,408,99999,999,Montgomery township,22254,7902,17481,6130,22254,17481
3403553280,060,34,035,35620,408,99999,999,North Plainfield borough,21936,7848,21103,7393,21936,21103
3403557300,060,34,035,35620,408,99999,999,Peapack and Gladstone borough,2582,949,2433,871,2582,2433
3403561980,060,34,035,35620,408,99999,999,Raritan borough,6881,2847,6338,2644,6881,6338
3403564320,060,34,035,35620,408,99999,999,Rocky Hill borough,682,292,662,295,682,662
3403568460,060,34,035,35620,408,99999,999,Somerville borough,12098,4951,12423,4882,12098,12423
3403568730,060,34,035,35620,408,99999,999,South Bound Brook borough,4563,1865,4492,1676,4563,4492
3403576940,060,34,035,35620,408,99999,999,Warren township,15311,5258,14259,4718,15311,14259
3403577600,060,34,035,35620,408,99999,999,Watchung borough,5801,2234,5613,2155,5801,5613
3403701330,060,34,037,35620,408,99999,999,Andover borough,606,263,658,273,606,658
3403701360,060,34,037,35620,408,99999,999,Andover township,6319,2181,6033,1968,6319,6033
3403707300,060,34,037,35620,408,99999,999,Branchville borough,841,386,845,377,841,845
3403709160,060,34,037,35620,408,99999,999,Byram township,8350,3207,8254,3078,8350,8254
3403724810,060,34,037,35620,408,99999,999,Frankford township,5565,2520,5420,2295,5565,5420
3403724930,060,34,037,35620,408,99999,999,Franklin borough,5045,2136,5160,1997,5045,5160
3403725140,060,34,037,35620,408,99999,999,Fredon township,3437,1289,2860,1019,3437,2860
3403727420,060,34,037,35620,408,99999,999,Green township,3601,1251,3220,1069,3601,3220
3403729220,060,34,037,35620,408,99999,999,Hamburg borough,3277,1476,3105,1233,3277,3105
3403729490,060,34,037,35620,408,99999,999,Hampton township,5196,2200,4943,2026,5196,4943
3403729850,060,34,037,35620,408,99999,999,Hardyston township,8213,3783,6171,2690,8213,6171
3403732910,060,34,037,35620,408,99999,999,Hopatcong borough,15147,6296,15888,6190,15147,15888
3403737440,060,34,037,35620,408,99999,999,Lafayette township,2538,919,2300,799,2538,2300
3403747430,060,34,037,35620,408,99999,999,Montague township,3847,1802,3412,1588,3847,3412
3403751930,060,34,037,35620,408,99999,999,Newton town,7997,3479,8244,3425,7997,8244
3403754660,060,34,037,35620,408,99999,999,Ogdensburg borough,2410,905,2638,903,2410,2638
3403765700,060,34,037,35620,408,99999,999,Sandyston township,1998,988,1825,907,1998,1825
3403769690,060,34,037,35620,408,99999,999,Sparta township,19722,7423,18080,6590,19722,18080
3403770380,060,34,037,35620,408,99999,999,Stanhope borough,3610,1472,3584,1419,3610,3584
3403770890,060,34,037,35620,408,99999,999,Stillwater township,4099,1930,4267,2030,4099,4267
3403771670,060,34,037,35620,408,99999,999,Sussex borough,2130,1005,2145,961,2130,2145
3403775740,060,34,037,35620,408,99999,999,Vernon township,23943,10958,24686,9994,23943,24686
3403776640,060,34,037,35620,408,99999,999,Walpack township,16,15,41,34,16,41
3403776790,060,34,037,35620,408,99999,999,Wantage township,11358,4173,10387,3663,11358,10387
3403905320,060,34,039,35620,408,99999,999,Berkeley Heights township,13183,4596,13407,4562,13183,13407
3403913150,060,34,039,35620,408,99999,999,Clark township,14756,5751,14597,5709,14756,14597
3403915640,060,34,039,35620,408,99999,999,Cranford township,22625,8816,22578,8560,22625,22578
3403921000,060,34,039,35620,408,99999,999,Elizabeth city,124969,45516,120568,42838,124969,120568
3403922860,060,34,039,35620,408,99999,999,Fanwood borough,7318,2686,7174,2615,7318,7174
3403925800,060,34,039,35620,408,99999,999,Garwood borough,4226,1870,4153,1782,4226,4153
3403931980,060,34,039,35620,408,99999,999,Hillside township,21404,7536,21747,7388,21404,21747
3403936690,060,34,039,35620,408,99999,999,Kenilworth borough,7914,2924,7675,2926,7914,7675
3403940350,060,34,039,35620,408,99999,999,Linden city,40499,15872,39394,15567,40499,39394
3403948510,060,34,039,35620,408,99999,999,Mountainside borough,6685,2558,6602,2478,6685,6602
3403951810,060,34,039,35620,408,99999,999,New Providence borough,12171,4537,11907,4485,12171,11907
3403959190,060,34,039,35620,408,99999,999,Plainfield city,49808,16621,47829,16180,49808,47829
3403961530,060,34,039,35620,408,99999,999,Rahway city,27346,11300,26500,10381,27346,26500
3403964620,060,34,039,35620,408,99999,999,Roselle borough,21085,7939,21274,7870,21085,21274
3403964650,060,34,039,35620,408,99999,999,Roselle Park borough,13297,5231,13281,5258,13297,13281
3403966060,060,34,039,35620,408,99999,999,Scotch Plains township,23510,8896,22732,8479,23510,22732
3403970020,060,34,039,35620,408,99999,999,Springfield township,15817,6736,14429,6204,15817,14429
3403971430,060,34,039,35620,408,99999,999,Summit city,21457,8190,21131,8146,21457,21131
3403974480,060,34,039,35620,408,99999,999,Union township,56642,20250,54405,20001,56642,54405
3403979040,060,34,039,35620,408,99999,999,Westfield town,30316,10950,29644,10819,30316,29644
3403981650,060,34,039,35620,408,99999,999,Winfield township,1471,714,1514,697,1471,1514
3404100670,060,34,041,10900,999,99999,999,Allamuchy township,4323,2096,3877,1774,4323,3877
3404101030,060,34,041,10900,999,99999,999,Alpha borough,2369,1032,2482,1034,2369,2482
3404104990,060,34,041,10900,999,99999,999,Belvidere town,2681,1140,2771,1165,2681,2771
3404106160,060,34,041,10900,999,99999,999,Blairstown township,5967,2272,5747,2136,5967,5747
3404124960,060,34,041,10900,999,99999,999,Franklin township,3176,1219,2768,1019,3176,2768
3404125320,060,34,041,10900,999,99999,999,Frelinghuysen township,2230,826,2083,755,2230,2083
3404128260,060,34,041,10900,999,99999,999,Greenwich township,5712,1870,4365,1477,5712,4365
3404128710,060,34,041,10900,999,99999,999,Hackettstown town,9724,3755,10403,4347,9724,10403
3404129820,060,34,041,10900,999,99999,999,Hardwick township,1696,619,1464,530,1696,1464
3404130090,060,34,041,10900,999,99999,999,Harmony township,2667,1109,2729,1076,2667,2729
3404133060,060,34,041,10900,999,99999,999,Hope township,1952,809,1891,747,1952,1891
3404133930,060,34,041,10900,999,99999,999,Independence township,5662,2325,5603,2210,5662,5603
3404137320,060,34,041,10900,999,99999,999,Knowlton township,3055,1212,2977,1135,3055,2977
3404140110,060,34,041,10900,999,99999,999,Liberty township,2942,1151,2765,1088,2942,2765
3404141490,060,34,041,10900,999,99999,999,Lopatcong township,8014,3420,5765,2429,8014,5765
3404143320,060,34,041,10900,999,99999,999,Mansfield township,7725,3316,6653,2415,7725,6653
3404155530,060,34,041,10900,999,99999,999,Oxford township,2514,1033,2307,938,2514,2307
3404158350,060,34,041,10900,999,99999,999,Phillipsburg town,14950,6607,15166,6651,14950,15166
3404159820,060,34,041,10900,999,99999,999,Pohatcong township,3339,1420,3416,1411,3339,3416
3404177270,060,34,041,10900,999,99999,999,Washington borough,6461,2897,6712,2876,6461,6712
3404177300,060,34,041,10900,999,99999,999,Washington township,6651,2493,6248,2174,6651,6248
3404180570,060,34,041,10900,999,99999,999,White township,4882,2304,4245,1770,4882,4245
